image_path,person_id,clip_id,game_folder,local_idx
python/data/clips/2026-02-03/01_frames/0009.jpg,1630573,1,2026-02-03,1
python/data/clips/2026-02-03/01_frames/0010.jpg,1630573,1,2026-02-03,1
python/data/clips/2026-02-03/01_frames/0011.jpg,1630573,1,2026-02-03,1
python/data/clips/2026-02-03/01_frames/0012.jpg,1630573,1,2026-02-03,1
python/data/clips/2026-02-03/01_frames/0013.jpg,1630573,1,2026-02-03,1
python/data/clips/2026-02-03/01_frames/0014.jpg,1630573,1,2026-02-03,1
python/data/clips/2026-02-03/01_frames/0015.jpg,1630573,1,2026-02-03,1
python/data/clips/2026-02-03/01_frames/0016.jpg,1630573,1,2026-02-03,1
python/data/clips/2026-02-03/01_frames/0017.jpg,1630573,1,2026-02-03,1
python/data/clips/2026-02-03/01_frames/0018.jpg,1630573,1,2026-02-03,1
python/data/clips/2026-02-03/01_frames/0019.jpg,1630573,1,2026-02-03,1
python/data/clips/2026-02-03/01_frames/0020.jpg,1630573,1,2026-02-03,1
python/data/clips/2026-02-03/02_frames/0019.jpg,1629008,2,2026-02-03,2
python/data/clips/2026-02-03/02_frames/0020.jpg,1629008,2,2026-02-03,2
python/data/clips/2026-02-03/02_frames/0021.jpg,1629008,2,2026-02-03,2
python/data/clips/2026-02-03/02_frames/0022.jpg,1629008,2,2026-02-03,2
python/data/clips/2026-02-03/02_frames/0023.jpg,1629008,2,2026-02-03,2
python/data/clips/2026-02-03/02_frames/0024.jpg,1629008,2,2026-02-03,2
python/data/clips/2026-02-03/02_frames/0025.jpg,1629008,2,2026-02-03,2
python/data/clips/2026-02-03/02_frames/0026.jpg,1629008,2,2026-02-03,2
python/data/clips/2026-02-03/02_frames/0027.jpg,1629008,2,2026-02-03,2
python/data/clips/2026-02-03/02_frames/0028.jpg,1629008,2,2026-02-03,2
python/data/clips/2026-02-03/02_frames/0029.jpg,1629008,2,2026-02-03,2
python/data/clips/2026-02-03/02_frames/0030.jpg,1629008,2,2026-02-03,2
python/data/clips/2026-02-03/03_frames/0014.jpg,1628401,3,2026-02-03,3
python/data/clips/2026-02-03/03_frames/0015.jpg,1628401,3,2026-02-03,3
python/data/clips/2026-02-03/03_frames/0016.jpg,1628401,3,2026-02-03,3
python/data/clips/2026-02-03/03_frames/0017.jpg,1628401,3,2026-02-03,3
python/data/clips/2026-02-03/03_frames/0018.jpg,1628401,3,2026-02-03,3
python/data/clips/2026-02-03/03_frames/0019.jpg,1628401,3,2026-02-03,3
python/data/clips/2026-02-03/03_frames/0020.jpg,1628401,3,2026-02-03,3
python/data/clips/2026-02-03/03_frames/0021.jpg,1628401,3,2026-02-03,3
python/data/clips/2026-02-03/03_frames/0022.jpg,1628401,3,2026-02-03,3
python/data/clips/2026-02-03/03_frames/0023.jpg,1628401,3,2026-02-03,3
python/data/clips/2026-02-03/03_frames/0024.jpg,1628401,3,2026-02-03,3
python/data/clips/2026-02-03/03_frames/0025.jpg,1628401,3,2026-02-03,3
python/data/clips/2026-02-03/04_frames/0024.jpg,1641730,4,2026-02-03,4
python/data/clips/2026-02-03/04_frames/0025.jpg,1641730,4,2026-02-03,4
python/data/clips/2026-02-03/04_frames/0026.jpg,1641730,4,2026-02-03,4
python/data/clips/2026-02-03/04_frames/0027.jpg,1641730,4,2026-02-03,4
python/data/clips/2026-02-03/04_frames/0028.jpg,1641730,4,2026-02-03,4
python/data/clips/2026-02-03/04_frames/0029.jpg,1641730,4,2026-02-03,4
python/data/clips/2026-02-03/04_frames/0030.jpg,1641730,4,2026-02-03,4
python/data/clips/2026-02-03/04_frames/0031.jpg,1641730,4,2026-02-03,4
python/data/clips/2026-02-03/04_frames/0032.jpg,1641730,4,2026-02-03,4
python/data/clips/2026-02-03/04_frames/0033.jpg,1641730,4,2026-02-03,4
python/data/clips/2026-02-03/04_frames/0034.jpg,1641730,4,2026-02-03,4
python/data/clips/2026-02-03/04_frames/0035.jpg,1641730,4,2026-02-03,4
python/data/clips/2026-02-03/05_frames/0034.jpg,1631248,5,2026-02-03,5
python/data/clips/2026-02-03/05_frames/0035.jpg,1631248,5,2026-02-03,5
python/data/clips/2026-02-03/05_frames/0036.jpg,1631248,5,2026-02-03,5
python/data/clips/2026-02-03/05_frames/0037.jpg,1631248,5,2026-02-03,5
python/data/clips/2026-02-03/05_frames/0038.jpg,1631248,5,2026-02-03,5
python/data/clips/2026-02-03/05_frames/0039.jpg,1631248,5,2026-02-03,5
python/data/clips/2026-02-03/05_frames/0040.jpg,1631248,5,2026-02-03,5
python/data/clips/2026-02-03/05_frames/0041.jpg,1631248,5,2026-02-03,5
python/data/clips/2026-02-03/05_frames/0042.jpg,1631248,5,2026-02-03,5
python/data/clips/2026-02-03/05_frames/0043.jpg,1631248,5,2026-02-03,5
python/data/clips/2026-02-03/05_frames/0044.jpg,1631248,5,2026-02-03,5
python/data/clips/2026-02-03/05_frames/0045.jpg,1631248,5,2026-02-03,5
python/data/clips/2026-02-03/06_frames/0019.jpg,1629651,6,2026-02-03,6
python/data/clips/2026-02-03/06_frames/0020.jpg,1629651,6,2026-02-03,6
python/data/clips/2026-02-03/06_frames/0021.jpg,1629651,6,2026-02-03,6
python/data/clips/2026-02-03/06_frames/0022.jpg,1629651,6,2026-02-03,6
python/data/clips/2026-02-03/06_frames/0023.jpg,1629651,6,2026-02-03,6
python/data/clips/2026-02-03/06_frames/0024.jpg,1629651,6,2026-02-03,6
python/data/clips/2026-02-03/06_frames/0025.jpg,1629651,6,2026-02-03,6
python/data/clips/2026-02-03/06_frames/0026.jpg,1629651,6,2026-02-03,6
python/data/clips/2026-02-03/06_frames/0027.jpg,1629651,6,2026-02-03,6
python/data/clips/2026-02-03/06_frames/0028.jpg,1629651,6,2026-02-03,6
python/data/clips/2026-02-03/06_frames/0029.jpg,1629651,6,2026-02-03,6
python/data/clips/2026-02-03/06_frames/0030.jpg,1629651,6,2026-02-03,6
python/data/clips/2026-02-03/07_frames/0019.jpg,1628401,7,2026-02-03,7
python/data/clips/2026-02-03/07_frames/0020.jpg,1628401,7,2026-02-03,7
python/data/clips/2026-02-03/07_frames/0021.jpg,1628401,7,2026-02-03,7
python/data/clips/2026-02-03/07_frames/0022.jpg,1628401,7,2026-02-03,7
python/data/clips/2026-02-03/07_frames/0023.jpg,1628401,7,2026-02-03,7
python/data/clips/2026-02-03/07_frames/0024.jpg,1628401,7,2026-02-03,7
python/data/clips/2026-02-03/07_frames/0025.jpg,1628401,7,2026-02-03,7
python/data/clips/2026-02-03/07_frames/0026.jpg,1628401,7,2026-02-03,7
python/data/clips/2026-02-03/07_frames/0027.jpg,1628401,7,2026-02-03,7
python/data/clips/2026-02-03/07_frames/0028.jpg,1628401,7,2026-02-03,7
python/data/clips/2026-02-03/07_frames/0029.jpg,1628401,7,2026-02-03,7
python/data/clips/2026-02-03/07_frames/0030.jpg,1628401,7,2026-02-03,7
python/data/clips/2026-02-03/08_frames/0024.jpg,1629008,8,2026-02-03,8
python/data/clips/2026-02-03/08_frames/0025.jpg,1629008,8,2026-02-03,8
python/data/clips/2026-02-03/08_frames/0026.jpg,1629008,8,2026-02-03,8
python/data/clips/2026-02-03/08_frames/0027.jpg,1629008,8,2026-02-03,8
python/data/clips/2026-02-03/08_frames/0028.jpg,1629008,8,2026-02-03,8
python/data/clips/2026-02-03/08_frames/0029.jpg,1629008,8,2026-02-03,8
python/data/clips/2026-02-03/08_frames/0030.jpg,1629008,8,2026-02-03,8
python/data/clips/2026-02-03/08_frames/0031.jpg,1629008,8,2026-02-03,8
python/data/clips/2026-02-03/08_frames/0032.jpg,1629008,8,2026-02-03,8
python/data/clips/2026-02-03/08_frames/0033.jpg,1629008,8,2026-02-03,8
python/data/clips/2026-02-03/08_frames/0034.jpg,1629008,8,2026-02-03,8
python/data/clips/2026-02-03/08_frames/0035.jpg,1629008,8,2026-02-03,8
python/data/clips/2026-02-03/09_frames/0024.jpg,1631248,9,2026-02-03,9
python/data/clips/2026-02-03/09_frames/0025.jpg,1631248,9,2026-02-03,9
python/data/clips/2026-02-03/09_frames/0026.jpg,1631248,9,2026-02-03,9
python/data/clips/2026-02-03/09_frames/0027.jpg,1631248,9,2026-02-03,9
python/data/clips/2026-02-03/09_frames/0028.jpg,1631248,9,2026-02-03,9
python/data/clips/2026-02-03/09_frames/0029.jpg,1631248,9,2026-02-03,9
python/data/clips/2026-02-03/09_frames/0030.jpg,1631248,9,2026-02-03,9
python/data/clips/2026-02-03/09_frames/0031.jpg,1631248,9,2026-02-03,9
python/data/clips/2026-02-03/09_frames/0032.jpg,1631248,9,2026-02-03,9
python/data/clips/2026-02-03/09_frames/0033.jpg,1631248,9,2026-02-03,9
python/data/clips/2026-02-03/09_frames/0034.jpg,1631248,9,2026-02-03,9
python/data/clips/2026-02-03/09_frames/0035.jpg,1631248,9,2026-02-03,9
python/data/clips/2026-02-03/10_frames/0024.jpg,202696,10,2026-02-03,10
python/data/clips/2026-02-03/10_frames/0025.jpg,202696,10,2026-02-03,10
python/data/clips/2026-02-03/10_frames/0026.jpg,202696,10,2026-02-03,10
python/data/clips/2026-02-03/10_frames/0027.jpg,202696,10,2026-02-03,10
python/data/clips/2026-02-03/10_frames/0028.jpg,202696,10,2026-02-03,10
python/data/clips/2026-02-03/10_frames/0029.jpg,202696,10,2026-02-03,10
python/data/clips/2026-02-03/10_frames/0030.jpg,202696,10,2026-02-03,10
python/data/clips/2026-02-03/10_frames/0031.jpg,202696,10,2026-02-03,10
python/data/clips/2026-02-03/10_frames/0032.jpg,202696,10,2026-02-03,10
python/data/clips/2026-02-03/10_frames/0033.jpg,202696,10,2026-02-03,10
python/data/clips/2026-02-03/10_frames/0034.jpg,202696,10,2026-02-03,10
python/data/clips/2026-02-03/10_frames/0035.jpg,202696,10,2026-02-03,10
python/data/clips/2026-02-28-HOUMIA/01_frames/0029.jpg,1642263,11,2026-02-28-HOUMIA,1
python/data/clips/2026-02-28-HOUMIA/01_frames/0030.jpg,1642263,11,2026-02-28-HOUMIA,1
python/data/clips/2026-02-28-HOUMIA/01_frames/0031.jpg,1642263,11,2026-02-28-HOUMIA,1
python/data/clips/2026-02-28-HOUMIA/01_frames/0032.jpg,1642263,11,2026-02-28-HOUMIA,1
python/data/clips/2026-02-28-HOUMIA/01_frames/0033.jpg,1642263,11,2026-02-28-HOUMIA,1
python/data/clips/2026-02-28-HOUMIA/01_frames/0034.jpg,1642263,11,2026-02-28-HOUMIA,1
python/data/clips/2026-02-28-HOUMIA/01_frames/0035.jpg,1642263,11,2026-02-28-HOUMIA,1
python/data/clips/2026-02-28-HOUMIA/01_frames/0036.jpg,1642263,11,2026-02-28-HOUMIA,1
python/data/clips/2026-02-28-HOUMIA/01_frames/0037.jpg,1642263,11,2026-02-28-HOUMIA,1
python/data/clips/2026-02-28-HOUMIA/01_frames/0038.jpg,1642263,11,2026-02-28-HOUMIA,1
python/data/clips/2026-02-28-HOUMIA/01_frames/0039.jpg,1642263,11,2026-02-28-HOUMIA,1
python/data/clips/2026-02-28-HOUMIA/01_frames/0040.jpg,1642263,11,2026-02-28-HOUMIA,1
python/data/clips/2026-02-28-HOUMIA/02_frames/0029.jpg,1641708,13,2026-02-28-HOUMIA,2
python/data/clips/2026-02-28-HOUMIA/02_frames/0030.jpg,1641708,13,2026-02-28-HOUMIA,2
python/data/clips/2026-02-28-HOUMIA/02_frames/0031.jpg,1641708,13,2026-02-28-HOUMIA,2
python/data/clips/2026-02-28-HOUMIA/02_frames/0032.jpg,1641708,13,2026-02-28-HOUMIA,2
python/data/clips/2026-02-28-HOUMIA/02_frames/0033.jpg,1641708,13,2026-02-28-HOUMIA,2
python/data/clips/2026-02-28-HOUMIA/02_frames/0034.jpg,1641708,13,2026-02-28-HOUMIA,2
python/data/clips/2026-02-28-HOUMIA/02_frames/0035.jpg,1641708,13,2026-02-28-HOUMIA,2
python/data/clips/2026-02-28-HOUMIA/02_frames/0036.jpg,1641708,13,2026-02-28-HOUMIA,2
python/data/clips/2026-02-28-HOUMIA/02_frames/0037.jpg,1641708,13,2026-02-28-HOUMIA,2
python/data/clips/2026-02-28-HOUMIA/02_frames/0038.jpg,1641708,13,2026-02-28-HOUMIA,2
python/data/clips/2026-02-28-HOUMIA/02_frames/0039.jpg,1641708,13,2026-02-28-HOUMIA,2
python/data/clips/2026-02-28-HOUMIA/02_frames/0040.jpg,1641708,13,2026-02-28-HOUMIA,2
python/data/clips/2026-02-28-HOUMIA/03_frames/0019.jpg,1630558,14,2026-02-28-HOUMIA,3
python/data/clips/2026-02-28-HOUMIA/03_frames/0020.jpg,1630558,14,2026-02-28-HOUMIA,3
python/data/clips/2026-02-28-HOUMIA/03_frames/0021.jpg,1630558,14,2026-02-28-HOUMIA,3
python/data/clips/2026-02-28-HOUMIA/03_frames/0022.jpg,1630558,14,2026-02-28-HOUMIA,3
python/data/clips/2026-02-28-HOUMIA/03_frames/0023.jpg,1630558,14,2026-02-28-HOUMIA,3
python/data/clips/2026-02-28-HOUMIA/03_frames/0024.jpg,1630558,14,2026-02-28-HOUMIA,3
python/data/clips/2026-02-28-HOUMIA/03_frames/0025.jpg,1630558,14,2026-02-28-HOUMIA,3
python/data/clips/2026-02-28-HOUMIA/03_frames/0026.jpg,1630558,14,2026-02-28-HOUMIA,3
python/data/clips/2026-02-28-HOUMIA/03_frames/0027.jpg,1630558,14,2026-02-28-HOUMIA,3
python/data/clips/2026-02-28-HOUMIA/03_frames/0028.jpg,1630558,14,2026-02-28-HOUMIA,3
python/data/clips/2026-02-28-HOUMIA/03_frames/0029.jpg,1630558,14,2026-02-28-HOUMIA,3
python/data/clips/2026-02-28-HOUMIA/03_frames/0030.jpg,1630558,14,2026-02-28-HOUMIA,3
python/data/clips/2026-02-28-HOUMIA/04_frames/0024.jpg,1630558,15,2026-02-28-HOUMIA,4
python/data/clips/2026-02-28-HOUMIA/04_frames/0025.jpg,1630558,15,2026-02-28-HOUMIA,4
python/data/clips/2026-02-28-HOUMIA/04_frames/0026.jpg,1630558,15,2026-02-28-HOUMIA,4
python/data/clips/2026-02-28-HOUMIA/04_frames/0027.jpg,1630558,15,2026-02-28-HOUMIA,4
python/data/clips/2026-02-28-HOUMIA/04_frames/0028.jpg,1630558,15,2026-02-28-HOUMIA,4
python/data/clips/2026-02-28-HOUMIA/04_frames/0029.jpg,1630558,15,2026-02-28-HOUMIA,4
python/data/clips/2026-02-28-HOUMIA/04_frames/0030.jpg,1630558,15,2026-02-28-HOUMIA,4
python/data/clips/2026-02-28-HOUMIA/04_frames/0031.jpg,1630558,15,2026-02-28-HOUMIA,4
python/data/clips/2026-02-28-HOUMIA/04_frames/0032.jpg,1630558,15,2026-02-28-HOUMIA,4
python/data/clips/2026-02-28-HOUMIA/04_frames/0033.jpg,1630558,15,2026-02-28-HOUMIA,4
python/data/clips/2026-02-28-HOUMIA/04_frames/0034.jpg,1630558,15,2026-02-28-HOUMIA,4
python/data/clips/2026-02-28-HOUMIA/04_frames/0035.jpg,1630558,15,2026-02-28-HOUMIA,4
python/data/clips/2026-02-28-HOUMIA/05_frames/0019.jpg,203952,16,2026-02-28-HOUMIA,5
python/data/clips/2026-02-28-HOUMIA/05_frames/0020.jpg,203952,16,2026-02-28-HOUMIA,5
python/data/clips/2026-02-28-HOUMIA/05_frames/0021.jpg,203952,16,2026-02-28-HOUMIA,5
python/data/clips/2026-02-28-HOUMIA/05_frames/0022.jpg,203952,16,2026-02-28-HOUMIA,5
python/data/clips/2026-02-28-HOUMIA/05_frames/0023.jpg,203952,16,2026-02-28-HOUMIA,5
python/data/clips/2026-02-28-HOUMIA/05_frames/0024.jpg,203952,16,2026-02-28-HOUMIA,5
python/data/clips/2026-02-28-HOUMIA/05_frames/0025.jpg,203952,16,2026-02-28-HOUMIA,5
python/data/clips/2026-02-28-HOUMIA/05_frames/0026.jpg,203952,16,2026-02-28-HOUMIA,5
python/data/clips/2026-02-28-HOUMIA/05_frames/0027.jpg,203952,16,2026-02-28-HOUMIA,5
python/data/clips/2026-02-28-HOUMIA/05_frames/0028.jpg,203952,16,2026-02-28-HOUMIA,5
python/data/clips/2026-02-28-HOUMIA/05_frames/0029.jpg,203952,16,2026-02-28-HOUMIA,5
python/data/clips/2026-02-28-HOUMIA/05_frames/0030.jpg,203952,16,2026-02-28-HOUMIA,5
python/data/clips/2026-02-28-HOUMIA/06_frames/0019.jpg,1629639,17,2026-02-28-HOUMIA,6
python/data/clips/2026-02-28-HOUMIA/06_frames/0020.jpg,1629639,17,2026-02-28-HOUMIA,6
python/data/clips/2026-02-28-HOUMIA/06_frames/0021.jpg,1629639,17,2026-02-28-HOUMIA,6
python/data/clips/2026-02-28-HOUMIA/06_frames/0022.jpg,1629639,17,2026-02-28-HOUMIA,6
python/data/clips/2026-02-28-HOUMIA/06_frames/0023.jpg,1629639,17,2026-02-28-HOUMIA,6
python/data/clips/2026-02-28-HOUMIA/06_frames/0024.jpg,1629639,17,2026-02-28-HOUMIA,6
python/data/clips/2026-02-28-HOUMIA/06_frames/0025.jpg,1629639,17,2026-02-28-HOUMIA,6
python/data/clips/2026-02-28-HOUMIA/06_frames/0026.jpg,1629639,17,2026-02-28-HOUMIA,6
python/data/clips/2026-02-28-HOUMIA/06_frames/0027.jpg,1629639,17,2026-02-28-HOUMIA,6
python/data/clips/2026-02-28-HOUMIA/06_frames/0028.jpg,1629639,17,2026-02-28-HOUMIA,6
python/data/clips/2026-02-28-HOUMIA/06_frames/0029.jpg,1629639,17,2026-02-28-HOUMIA,6
python/data/clips/2026-02-28-HOUMIA/06_frames/0030.jpg,1629639,17,2026-02-28-HOUMIA,6
python/data/clips/2026-02-28-HOUMIA/07_frames/0024.jpg,1631171,18,2026-02-28-HOUMIA,7
python/data/clips/2026-02-28-HOUMIA/07_frames/0025.jpg,1631171,18,2026-02-28-HOUMIA,7
python/data/clips/2026-02-28-HOUMIA/07_frames/0026.jpg,1631171,18,2026-02-28-HOUMIA,7
python/data/clips/2026-02-28-HOUMIA/07_frames/0027.jpg,1631171,18,2026-02-28-HOUMIA,7
python/data/clips/2026-02-28-HOUMIA/07_frames/0028.jpg,1631171,18,2026-02-28-HOUMIA,7
python/data/clips/2026-02-28-HOUMIA/07_frames/0029.jpg,1631171,18,2026-02-28-HOUMIA,7
python/data/clips/2026-02-28-HOUMIA/07_frames/0030.jpg,1631171,18,2026-02-28-HOUMIA,7
python/data/clips/2026-02-28-HOUMIA/07_frames/0031.jpg,1631171,18,2026-02-28-HOUMIA,7
python/data/clips/2026-02-28-HOUMIA/07_frames/0032.jpg,1631171,18,2026-02-28-HOUMIA,7
python/data/clips/2026-02-28-HOUMIA/07_frames/0033.jpg,1631171,18,2026-02-28-HOUMIA,7
python/data/clips/2026-02-28-HOUMIA/07_frames/0034.jpg,1631171,18,2026-02-28-HOUMIA,7
python/data/clips/2026-02-28-HOUMIA/07_frames/0035.jpg,1631171,18,2026-02-28-HOUMIA,7
python/data/clips/2026-02-28-HOUMIA/08_frames/0024.jpg,1630696,19,2026-02-28-HOUMIA,8
python/data/clips/2026-02-28-HOUMIA/08_frames/0025.jpg,1630696,19,2026-02-28-HOUMIA,8
python/data/clips/2026-02-28-HOUMIA/08_frames/0026.jpg,1630696,19,2026-02-28-HOUMIA,8
python/data/clips/2026-02-28-HOUMIA/08_frames/0027.jpg,1630696,19,2026-02-28-HOUMIA,8
python/data/clips/2026-02-28-HOUMIA/08_frames/0028.jpg,1630696,19,2026-02-28-HOUMIA,8
python/data/clips/2026-02-28-HOUMIA/08_frames/0029.jpg,1630696,19,2026-02-28-HOUMIA,8
python/data/clips/2026-02-28-HOUMIA/08_frames/0030.jpg,1630696,19,2026-02-28-HOUMIA,8
python/data/clips/2026-02-28-HOUMIA/08_frames/0031.jpg,1630696,19,2026-02-28-HOUMIA,8
python/data/clips/2026-02-28-HOUMIA/08_frames/0032.jpg,1630696,19,2026-02-28-HOUMIA,8
python/data/clips/2026-02-28-HOUMIA/08_frames/0033.jpg,1630696,19,2026-02-28-HOUMIA,8
python/data/clips/2026-02-28-HOUMIA/08_frames/0034.jpg,1630696,19,2026-02-28-HOUMIA,8
python/data/clips/2026-02-28-HOUMIA/08_frames/0035.jpg,1630696,19,2026-02-28-HOUMIA,8
python/data/clips/2026-02-28-HOUMIA/09_frames/0024.jpg,1642276,20,2026-02-28-HOUMIA,9
python/data/clips/2026-02-28-HOUMIA/09_frames/0025.jpg,1642276,20,2026-02-28-HOUMIA,9
python/data/clips/2026-02-28-HOUMIA/09_frames/0026.jpg,1642276,20,2026-02-28-HOUMIA,9
python/data/clips/2026-02-28-HOUMIA/09_frames/0027.jpg,1642276,20,2026-02-28-HOUMIA,9
python/data/clips/2026-02-28-HOUMIA/09_frames/0028.jpg,1642276,20,2026-02-28-HOUMIA,9
python/data/clips/2026-02-28-HOUMIA/09_frames/0029.jpg,1642276,20,2026-02-28-HOUMIA,9
python/data/clips/2026-02-28-HOUMIA/09_frames/0030.jpg,1642276,20,2026-02-28-HOUMIA,9
python/data/clips/2026-02-28-HOUMIA/09_frames/0031.jpg,1642276,20,2026-02-28-HOUMIA,9
python/data/clips/2026-02-28-HOUMIA/09_frames/0032.jpg,1642276,20,2026-02-28-HOUMIA,9
python/data/clips/2026-02-28-HOUMIA/09_frames/0033.jpg,1642276,20,2026-02-28-HOUMIA,9
python/data/clips/2026-02-28-HOUMIA/09_frames/0034.jpg,1642276,20,2026-02-28-HOUMIA,9
python/data/clips/2026-02-28-HOUMIA/09_frames/0035.jpg,1642276,20,2026-02-28-HOUMIA,9
python/data/clips/2026-02-28-HOUMIA/10_frames/0024.jpg,1630578,21,2026-02-28-HOUMIA,10
python/data/clips/2026-02-28-HOUMIA/10_frames/0025.jpg,1630578,21,2026-02-28-HOUMIA,10
python/data/clips/2026-02-28-HOUMIA/10_frames/0026.jpg,1630578,21,2026-02-28-HOUMIA,10
python/data/clips/2026-02-28-HOUMIA/10_frames/0027.jpg,1630578,21,2026-02-28-HOUMIA,10
python/data/clips/2026-02-28-HOUMIA/10_frames/0028.jpg,1630578,21,2026-02-28-HOUMIA,10
python/data/clips/2026-02-28-HOUMIA/10_frames/0029.jpg,1630578,21,2026-02-28-HOUMIA,10
python/data/clips/2026-02-28-HOUMIA/10_frames/0030.jpg,1630578,21,2026-02-28-HOUMIA,10
python/data/clips/2026-02-28-HOUMIA/10_frames/0031.jpg,1630578,21,2026-02-28-HOUMIA,10
python/data/clips/2026-02-28-HOUMIA/10_frames/0032.jpg,1630578,21,2026-02-28-HOUMIA,10
python/data/clips/2026-02-28-HOUMIA/10_frames/0033.jpg,1630578,21,2026-02-28-HOUMIA,10
python/data/clips/2026-02-28-HOUMIA/10_frames/0034.jpg,1630578,21,2026-02-28-HOUMIA,10
python/data/clips/2026-02-28-HOUMIA/10_frames/0035.jpg,1630578,21,2026-02-28-HOUMIA,10
python/data/clips/2026-03-02-NYKMIL/01_frames/0024.jpg,1631157,22,2026-03-02-NYKMIL,1
python/data/clips/2026-03-02-NYKMIL/01_frames/0025.jpg,1631157,22,2026-03-02-NYKMIL,1
python/data/clips/2026-03-02-NYKMIL/01_frames/0026.jpg,1631157,22,2026-03-02-NYKMIL,1
python/data/clips/2026-03-02-NYKMIL/01_frames/0027.jpg,1631157,22,2026-03-02-NYKMIL,1
python/data/clips/2026-03-02-NYKMIL/01_frames/0028.jpg,1631157,22,2026-03-02-NYKMIL,1
python/data/clips/2026-03-02-NYKMIL/01_frames/0029.jpg,1631157,22,2026-03-02-NYKMIL,1
python/data/clips/2026-03-02-NYKMIL/01_frames/0030.jpg,1631157,22,2026-03-02-NYKMIL,1
python/data/clips/2026-03-02-NYKMIL/01_frames/0031.jpg,1631157,22,2026-03-02-NYKMIL,1
python/data/clips/2026-03-02-NYKMIL/01_frames/0032.jpg,1631157,22,2026-03-02-NYKMIL,1
python/data/clips/2026-03-02-NYKMIL/01_frames/0033.jpg,1631157,22,2026-03-02-NYKMIL,1
python/data/clips/2026-03-02-NYKMIL/01_frames/0034.jpg,1631157,22,2026-03-02-NYKMIL,1
python/data/clips/2026-03-02-NYKMIL/01_frames/0035.jpg,1631157,22,2026-03-02-NYKMIL,1
python/data/clips/2026-03-02-NYKMIL/02_frames/0029.jpg,1626167,23,2026-03-02-NYKMIL,2
python/data/clips/2026-03-02-NYKMIL/02_frames/0030.jpg,1626167,23,2026-03-02-NYKMIL,2
python/data/clips/2026-03-02-NYKMIL/02_frames/0031.jpg,1626167,23,2026-03-02-NYKMIL,2
python/data/clips/2026-03-02-NYKMIL/02_frames/0032.jpg,1626167,23,2026-03-02-NYKMIL,2
python/data/clips/2026-03-02-NYKMIL/02_frames/0033.jpg,1626167,23,2026-03-02-NYKMIL,2
python/data/clips/2026-03-02-NYKMIL/02_frames/0034.jpg,1626167,23,2026-03-02-NYKMIL,2
python/data/clips/2026-03-02-NYKMIL/02_frames/0035.jpg,1626167,23,2026-03-02-NYKMIL,2
python/data/clips/2026-03-02-NYKMIL/02_frames/0036.jpg,1626167,23,2026-03-02-NYKMIL,2
python/data/clips/2026-03-02-NYKMIL/02_frames/0037.jpg,1626167,23,2026-03-02-NYKMIL,2
python/data/clips/2026-03-02-NYKMIL/02_frames/0038.jpg,1626167,23,2026-03-02-NYKMIL,2
python/data/clips/2026-03-02-NYKMIL/02_frames/0039.jpg,1626167,23,2026-03-02-NYKMIL,2
python/data/clips/2026-03-02-NYKMIL/02_frames/0040.jpg,1626167,23,2026-03-02-NYKMIL,2
python/data/clips/2026-03-02-NYKMIL/03_frames/0014.jpg,1629645,24,2026-03-02-NYKMIL,3
python/data/clips/2026-03-02-NYKMIL/03_frames/0015.jpg,1629645,24,2026-03-02-NYKMIL,3
python/data/clips/2026-03-02-NYKMIL/03_frames/0016.jpg,1629645,24,2026-03-02-NYKMIL,3
python/data/clips/2026-03-02-NYKMIL/03_frames/0017.jpg,1629645,24,2026-03-02-NYKMIL,3
python/data/clips/2026-03-02-NYKMIL/03_frames/0018.jpg,1629645,24,2026-03-02-NYKMIL,3
python/data/clips/2026-03-02-NYKMIL/03_frames/0019.jpg,1629645,24,2026-03-02-NYKMIL,3
python/data/clips/2026-03-02-NYKMIL/03_frames/0020.jpg,1629645,24,2026-03-02-NYKMIL,3
python/data/clips/2026-03-02-NYKMIL/03_frames/0021.jpg,1629645,24,2026-03-02-NYKMIL,3
python/data/clips/2026-03-02-NYKMIL/03_frames/0022.jpg,1629645,24,2026-03-02-NYKMIL,3
python/data/clips/2026-03-02-NYKMIL/03_frames/0023.jpg,1629645,24,2026-03-02-NYKMIL,3
python/data/clips/2026-03-02-NYKMIL/03_frames/0024.jpg,1629645,24,2026-03-02-NYKMIL,3
python/data/clips/2026-03-02-NYKMIL/03_frames/0025.jpg,1629645,24,2026-03-02-NYKMIL,3
python/data/clips/2026-03-02-NYKMIL/04_frames/0024.jpg,1631157,25,2026-03-02-NYKMIL,4
python/data/clips/2026-03-02-NYKMIL/04_frames/0025.jpg,1631157,25,2026-03-02-NYKMIL,4
python/data/clips/2026-03-02-NYKMIL/04_frames/0026.jpg,1631157,25,2026-03-02-NYKMIL,4
python/data/clips/2026-03-02-NYKMIL/04_frames/0027.jpg,1631157,25,2026-03-02-NYKMIL,4
python/data/clips/2026-03-02-NYKMIL/04_frames/0028.jpg,1631157,25,2026-03-02-NYKMIL,4
python/data/clips/2026-03-02-NYKMIL/04_frames/0029.jpg,1631157,25,2026-03-02-NYKMIL,4
python/data/clips/2026-03-02-NYKMIL/04_frames/0030.jpg,1631157,25,2026-03-02-NYKMIL,4
python/data/clips/2026-03-02-NYKMIL/04_frames/0031.jpg,1631157,25,2026-03-02-NYKMIL,4
python/data/clips/2026-03-02-NYKMIL/04_frames/0032.jpg,1631157,25,2026-03-02-NYKMIL,4
python/data/clips/2026-03-02-NYKMIL/04_frames/0033.jpg,1631157,25,2026-03-02-NYKMIL,4
python/data/clips/2026-03-02-NYKMIL/04_frames/0034.jpg,1631157,25,2026-03-02-NYKMIL,4
python/data/clips/2026-03-02-NYKMIL/04_frames/0035.jpg,1631157,25,2026-03-02-NYKMIL,4
python/data/clips/2026-03-02-NYKMIL/05_frames/0029.jpg,1628973,26,2026-03-02-NYKMIL,5
python/data/clips/2026-03-02-NYKMIL/05_frames/0030.jpg,1628973,26,2026-03-02-NYKMIL,5
python/data/clips/2026-03-02-NYKMIL/05_frames/0031.jpg,1628973,26,2026-03-02-NYKMIL,5
python/data/clips/2026-03-02-NYKMIL/05_frames/0032.jpg,1628973,26,2026-03-02-NYKMIL,5
python/data/clips/2026-03-02-NYKMIL/05_frames/0033.jpg,1628973,26,2026-03-02-NYKMIL,5
python/data/clips/2026-03-02-NYKMIL/05_frames/0034.jpg,1628973,26,2026-03-02-NYKMIL,5
python/data/clips/2026-03-02-NYKMIL/05_frames/0035.jpg,1628973,26,2026-03-02-NYKMIL,5
python/data/clips/2026-03-02-NYKMIL/05_frames/0036.jpg,1628973,26,2026-03-02-NYKMIL,5
python/data/clips/2026-03-02-NYKMIL/05_frames/0037.jpg,1628973,26,2026-03-02-NYKMIL,5
python/data/clips/2026-03-02-NYKMIL/05_frames/0038.jpg,1628973,26,2026-03-02-NYKMIL,5
python/data/clips/2026-03-02-NYKMIL/05_frames/0039.jpg,1628973,26,2026-03-02-NYKMIL,5
python/data/clips/2026-03-02-NYKMIL/05_frames/0040.jpg,1628973,26,2026-03-02-NYKMIL,5
python/data/clips/2026-03-02-NYKMIL/06_frames/0024.jpg,1626171,27,2026-03-02-NYKMIL,6
python/data/clips/2026-03-02-NYKMIL/06_frames/0025.jpg,1626171,27,2026-03-02-NYKMIL,6
python/data/clips/2026-03-02-NYKMIL/06_frames/0026.jpg,1626171,27,2026-03-02-NYKMIL,6
python/data/clips/2026-03-02-NYKMIL/06_frames/0027.jpg,1626171,27,2026-03-02-NYKMIL,6
python/data/clips/2026-03-02-NYKMIL/06_frames/0028.jpg,1626171,27,2026-03-02-NYKMIL,6
python/data/clips/2026-03-02-NYKMIL/06_frames/0029.jpg,1626171,27,2026-03-02-NYKMIL,6
python/data/clips/2026-03-02-NYKMIL/06_frames/0030.jpg,1626171,27,2026-03-02-NYKMIL,6
python/data/clips/2026-03-02-NYKMIL/06_frames/0031.jpg,1626171,27,2026-03-02-NYKMIL,6
python/data/clips/2026-03-02-NYKMIL/06_frames/0032.jpg,1626171,27,2026-03-02-NYKMIL,6
python/data/clips/2026-03-02-NYKMIL/06_frames/0033.jpg,1626171,27,2026-03-02-NYKMIL,6
python/data/clips/2026-03-02-NYKMIL/06_frames/0034.jpg,1626171,27,2026-03-02-NYKMIL,6
python/data/clips/2026-03-02-NYKMIL/06_frames/0035.jpg,1626171,27,2026-03-02-NYKMIL,6
python/data/clips/2026-03-02-NYKMIL/07_frames/0024.jpg,1626157,28,2026-03-02-NYKMIL,7
python/data/clips/2026-03-02-NYKMIL/07_frames/0025.jpg,1626157,28,2026-03-02-NYKMIL,7
python/data/clips/2026-03-02-NYKMIL/07_frames/0026.jpg,1626157,28,2026-03-02-NYKMIL,7
python/data/clips/2026-03-02-NYKMIL/07_frames/0027.jpg,1626157,28,2026-03-02-NYKMIL,7
python/data/clips/2026-03-02-NYKMIL/07_frames/0028.jpg,1626157,28,2026-03-02-NYKMIL,7
python/data/clips/2026-03-02-NYKMIL/07_frames/0029.jpg,1626157,28,2026-03-02-NYKMIL,7
python/data/clips/2026-03-02-NYKMIL/07_frames/0030.jpg,1626157,28,2026-03-02-NYKMIL,7
python/data/clips/2026-03-02-NYKMIL/07_frames/0031.jpg,1626157,28,2026-03-02-NYKMIL,7
python/data/clips/2026-03-02-NYKMIL/07_frames/0032.jpg,1626157,28,2026-03-02-NYKMIL,7
python/data/clips/2026-03-02-NYKMIL/07_frames/0033.jpg,1626157,28,2026-03-02-NYKMIL,7
python/data/clips/2026-03-02-NYKMIL/07_frames/0034.jpg,1626157,28,2026-03-02-NYKMIL,7
python/data/clips/2026-03-02-NYKMIL/07_frames/0035.jpg,1626157,28,2026-03-02-NYKMIL,7
python/data/clips/2026-03-02-NYKMIL/08_frames/0019.jpg,1630579,29,2026-03-02-NYKMIL,8
python/data/clips/2026-03-02-NYKMIL/08_frames/0020.jpg,1630579,29,2026-03-02-NYKMIL,8
python/data/clips/2026-03-02-NYKMIL/08_frames/0021.jpg,1630579,29,2026-03-02-NYKMIL,8
python/data/clips/2026-03-02-NYKMIL/08_frames/0022.jpg,1630579,29,2026-03-02-NYKMIL,8
python/data/clips/2026-03-02-NYKMIL/08_frames/0023.jpg,1630579,29,2026-03-02-NYKMIL,8
python/data/clips/2026-03-02-NYKMIL/08_frames/0024.jpg,1630579,29,2026-03-02-NYKMIL,8
python/data/clips/2026-03-02-NYKMIL/08_frames/0025.jpg,1630579,29,2026-03-02-NYKMIL,8
python/data/clips/2026-03-02-NYKMIL/08_frames/0026.jpg,1630579,29,2026-03-02-NYKMIL,8
python/data/clips/2026-03-02-NYKMIL/08_frames/0027.jpg,1630579,29,2026-03-02-NYKMIL,8
python/data/clips/2026-03-02-NYKMIL/08_frames/0028.jpg,1630579,29,2026-03-02-NYKMIL,8
python/data/clips/2026-03-02-NYKMIL/08_frames/0029.jpg,1630579,29,2026-03-02-NYKMIL,8
python/data/clips/2026-03-02-NYKMIL/08_frames/0030.jpg,1630579,29,2026-03-02-NYKMIL,8
python/data/clips/2026-03-02-NYKMIL/09_frames/0019.jpg,1626171,30,2026-03-02-NYKMIL,9
python/data/clips/2026-03-02-NYKMIL/09_frames/0020.jpg,1626171,30,2026-03-02-NYKMIL,9
python/data/clips/2026-03-02-NYKMIL/09_frames/0021.jpg,1626171,30,2026-03-02-NYKMIL,9
python/data/clips/2026-03-02-NYKMIL/09_frames/0022.jpg,1626171,30,2026-03-02-NYKMIL,9
python/data/clips/2026-03-02-NYKMIL/09_frames/0023.jpg,1626171,30,2026-03-02-NYKMIL,9
python/data/clips/2026-03-02-NYKMIL/09_frames/0024.jpg,1626171,30,2026-03-02-NYKMIL,9
python/data/clips/2026-03-02-NYKMIL/09_frames/0025.jpg,1626171,30,2026-03-02-NYKMIL,9
python/data/clips/2026-03-02-NYKMIL/09_frames/0026.jpg,1626171,30,2026-03-02-NYKMIL,9
python/data/clips/2026-03-02-NYKMIL/09_frames/0027.jpg,1626171,30,2026-03-02-NYKMIL,9
python/data/clips/2026-03-02-NYKMIL/09_frames/0028.jpg,1626171,30,2026-03-02-NYKMIL,9
python/data/clips/2026-03-02-NYKMIL/09_frames/0029.jpg,1626171,30,2026-03-02-NYKMIL,9
python/data/clips/2026-03-02-NYKMIL/09_frames/0030.jpg,1626171,30,2026-03-02-NYKMIL,9
python/data/clips/2026-03-02-NYKMIL/10_frames/0019.jpg,1630560,31,2026-03-02-NYKMIL,10
python/data/clips/2026-03-02-NYKMIL/10_frames/0020.jpg,1630560,31,2026-03-02-NYKMIL,10
python/data/clips/2026-03-02-NYKMIL/10_frames/0021.jpg,1630560,31,2026-03-02-NYKMIL,10
python/data/clips/2026-03-02-NYKMIL/10_frames/0022.jpg,1630560,31,2026-03-02-NYKMIL,10
python/data/clips/2026-03-02-NYKMIL/10_frames/0023.jpg,1630560,31,2026-03-02-NYKMIL,10
python/data/clips/2026-03-02-NYKMIL/10_frames/0024.jpg,1630560,31,2026-03-02-NYKMIL,10
python/data/clips/2026-03-02-NYKMIL/10_frames/0025.jpg,1630560,31,2026-03-02-NYKMIL,10
python/data/clips/2026-03-02-NYKMIL/10_frames/0026.jpg,1630560,31,2026-03-02-NYKMIL,10
python/data/clips/2026-03-02-NYKMIL/10_frames/0027.jpg,1630560,31,2026-03-02-NYKMIL,10
python/data/clips/2026-03-02-NYKMIL/10_frames/0028.jpg,1630560,31,2026-03-02-NYKMIL,10
python/data/clips/2026-03-02-NYKMIL/10_frames/0029.jpg,1630560,31,2026-03-02-NYKMIL,10
python/data/clips/2026-03-02-NYKMIL/10_frames/0030.jpg,1630560,31,2026-03-02-NYKMIL,10
python/data/clips/2026-03-03-MINLAC/01_frames/0019.jpg,1628978,32,2026-03-03-MINLAC,1
python/data/clips/2026-03-03-MINLAC/01_frames/0020.jpg,1628978,32,2026-03-03-MINLAC,1
python/data/clips/2026-03-03-MINLAC/01_frames/0021.jpg,1628978,32,2026-03-03-MINLAC,1
python/data/clips/2026-03-03-MINLAC/01_frames/0022.jpg,1628978,32,2026-03-03-MINLAC,1
python/data/clips/2026-03-03-MINLAC/01_frames/0023.jpg,1628978,32,2026-03-03-MINLAC,1
python/data/clips/2026-03-03-MINLAC/01_frames/0024.jpg,1628978,32,2026-03-03-MINLAC,1
python/data/clips/2026-03-03-MINLAC/01_frames/0025.jpg,1628978,32,2026-03-03-MINLAC,1
python/data/clips/2026-03-03-MINLAC/01_frames/0026.jpg,1628978,32,2026-03-03-MINLAC,1
python/data/clips/2026-03-03-MINLAC/01_frames/0027.jpg,1628978,32,2026-03-03-MINLAC,1
python/data/clips/2026-03-03-MINLAC/01_frames/0028.jpg,1628978,32,2026-03-03-MINLAC,1
python/data/clips/2026-03-03-MINLAC/01_frames/0029.jpg,1628978,32,2026-03-03-MINLAC,1
python/data/clips/2026-03-03-MINLAC/01_frames/0030.jpg,1628978,32,2026-03-03-MINLAC,1
python/data/clips/2026-03-03-MINLAC/02_frames/0024.jpg,1631097,33,2026-03-03-MINLAC,2
python/data/clips/2026-03-03-MINLAC/02_frames/0025.jpg,1631097,33,2026-03-03-MINLAC,2
python/data/clips/2026-03-03-MINLAC/02_frames/0026.jpg,1631097,33,2026-03-03-MINLAC,2
python/data/clips/2026-03-03-MINLAC/02_frames/0027.jpg,1631097,33,2026-03-03-MINLAC,2
python/data/clips/2026-03-03-MINLAC/02_frames/0028.jpg,1631097,33,2026-03-03-MINLAC,2
python/data/clips/2026-03-03-MINLAC/02_frames/0029.jpg,1631097,33,2026-03-03-MINLAC,2
python/data/clips/2026-03-03-MINLAC/02_frames/0030.jpg,1631097,33,2026-03-03-MINLAC,2
python/data/clips/2026-03-03-MINLAC/02_frames/0031.jpg,1631097,33,2026-03-03-MINLAC,2
python/data/clips/2026-03-03-MINLAC/02_frames/0032.jpg,1631097,33,2026-03-03-MINLAC,2
python/data/clips/2026-03-03-MINLAC/02_frames/0033.jpg,1631097,33,2026-03-03-MINLAC,2
python/data/clips/2026-03-03-MINLAC/02_frames/0034.jpg,1631097,33,2026-03-03-MINLAC,2
python/data/clips/2026-03-03-MINLAC/02_frames/0035.jpg,1631097,33,2026-03-03-MINLAC,2
python/data/clips/2026-03-03-MINLAC/03_frames/0019.jpg,1630183,34,2026-03-03-MINLAC,3
python/data/clips/2026-03-03-MINLAC/03_frames/0020.jpg,1630183,34,2026-03-03-MINLAC,3
python/data/clips/2026-03-03-MINLAC/03_frames/0021.jpg,1630183,34,2026-03-03-MINLAC,3
python/data/clips/2026-03-03-MINLAC/03_frames/0022.jpg,1630183,34,2026-03-03-MINLAC,3
python/data/clips/2026-03-03-MINLAC/03_frames/0023.jpg,1630183,34,2026-03-03-MINLAC,3
python/data/clips/2026-03-03-MINLAC/03_frames/0024.jpg,1630183,34,2026-03-03-MINLAC,3
python/data/clips/2026-03-03-MINLAC/03_frames/0025.jpg,1630183,34,2026-03-03-MINLAC,3
python/data/clips/2026-03-03-MINLAC/03_frames/0026.jpg,1630183,34,2026-03-03-MINLAC,3
python/data/clips/2026-03-03-MINLAC/03_frames/0027.jpg,1630183,34,2026-03-03-MINLAC,3
python/data/clips/2026-03-03-MINLAC/03_frames/0028.jpg,1630183,34,2026-03-03-MINLAC,3
python/data/clips/2026-03-03-MINLAC/03_frames/0029.jpg,1630183,34,2026-03-03-MINLAC,3
python/data/clips/2026-03-03-MINLAC/03_frames/0030.jpg,1630183,34,2026-03-03-MINLAC,3
python/data/clips/2026-03-03-MINLAC/04_frames/0014.jpg,201572,35,2026-03-03-MINLAC,4
python/data/clips/2026-03-03-MINLAC/04_frames/0015.jpg,201572,35,2026-03-03-MINLAC,4
python/data/clips/2026-03-03-MINLAC/04_frames/0016.jpg,201572,35,2026-03-03-MINLAC,4
python/data/clips/2026-03-03-MINLAC/04_frames/0017.jpg,201572,35,2026-03-03-MINLAC,4
python/data/clips/2026-03-03-MINLAC/04_frames/0018.jpg,201572,35,2026-03-03-MINLAC,4
python/data/clips/2026-03-03-MINLAC/04_frames/0019.jpg,201572,35,2026-03-03-MINLAC,4
python/data/clips/2026-03-03-MINLAC/04_frames/0020.jpg,201572,35,2026-03-03-MINLAC,4
python/data/clips/2026-03-03-MINLAC/04_frames/0021.jpg,201572,35,2026-03-03-MINLAC,4
python/data/clips/2026-03-03-MINLAC/04_frames/0022.jpg,201572,35,2026-03-03-MINLAC,4
python/data/clips/2026-03-03-MINLAC/04_frames/0023.jpg,201572,35,2026-03-03-MINLAC,4
python/data/clips/2026-03-03-MINLAC/04_frames/0024.jpg,201572,35,2026-03-03-MINLAC,4
python/data/clips/2026-03-03-MINLAC/04_frames/0025.jpg,201572,35,2026-03-03-MINLAC,4
python/data/clips/2026-03-03-MINLAC/05_frames/0024.jpg,1628978,36,2026-03-03-MINLAC,5
python/data/clips/2026-03-03-MINLAC/05_frames/0025.jpg,1628978,36,2026-03-03-MINLAC,5
python/data/clips/2026-03-03-MINLAC/05_frames/0026.jpg,1628978,36,2026-03-03-MINLAC,5
python/data/clips/2026-03-03-MINLAC/05_frames/0027.jpg,1628978,36,2026-03-03-MINLAC,5
python/data/clips/2026-03-03-MINLAC/05_frames/0028.jpg,1628978,36,2026-03-03-MINLAC,5
python/data/clips/2026-03-03-MINLAC/05_frames/0029.jpg,1628978,36,2026-03-03-MINLAC,5
python/data/clips/2026-03-03-MINLAC/05_frames/0030.jpg,1628978,36,2026-03-03-MINLAC,5
python/data/clips/2026-03-03-MINLAC/05_frames/0031.jpg,1628978,36,2026-03-03-MINLAC,5
python/data/clips/2026-03-03-MINLAC/05_frames/0032.jpg,1628978,36,2026-03-03-MINLAC,5
python/data/clips/2026-03-03-MINLAC/05_frames/0033.jpg,1628978,36,2026-03-03-MINLAC,5
python/data/clips/2026-03-03-MINLAC/05_frames/0034.jpg,1628978,36,2026-03-03-MINLAC,5
python/data/clips/2026-03-03-MINLAC/05_frames/0035.jpg,1628978,36,2026-03-03-MINLAC,5
python/data/clips/2026-03-03-MINLAC/06_frames/0024.jpg,1631097,37,2026-03-03-MINLAC,6
python/data/clips/2026-03-03-MINLAC/06_frames/0025.jpg,1631097,37,2026-03-03-MINLAC,6
python/data/clips/2026-03-03-MINLAC/06_frames/0026.jpg,1631097,37,2026-03-03-MINLAC,6
python/data/clips/2026-03-03-MINLAC/06_frames/0027.jpg,1631097,37,2026-03-03-MINLAC,6
python/data/clips/2026-03-03-MINLAC/06_frames/0028.jpg,1631097,37,2026-03-03-MINLAC,6
python/data/clips/2026-03-03-MINLAC/06_frames/0029.jpg,1631097,37,2026-03-03-MINLAC,6
python/data/clips/2026-03-03-MINLAC/06_frames/0030.jpg,1631097,37,2026-03-03-MINLAC,6
python/data/clips/2026-03-03-MINLAC/06_frames/0031.jpg,1631097,37,2026-03-03-MINLAC,6
python/data/clips/2026-03-03-MINLAC/06_frames/0032.jpg,1631097,37,2026-03-03-MINLAC,6
python/data/clips/2026-03-03-MINLAC/06_frames/0033.jpg,1631097,37,2026-03-03-MINLAC,6
python/data/clips/2026-03-03-MINLAC/06_frames/0034.jpg,1631097,37,2026-03-03-MINLAC,6
python/data/clips/2026-03-03-MINLAC/06_frames/0035.jpg,1631097,37,2026-03-03-MINLAC,6
python/data/clips/2026-03-03-MINLAC/07_frames/0019.jpg,1630162,38,2026-03-03-MINLAC,7
python/data/clips/2026-03-03-MINLAC/07_frames/0020.jpg,1630162,38,2026-03-03-MINLAC,7
python/data/clips/2026-03-03-MINLAC/07_frames/0021.jpg,1630162,38,2026-03-03-MINLAC,7
python/data/clips/2026-03-03-MINLAC/07_frames/0022.jpg,1630162,38,2026-03-03-MINLAC,7
python/data/clips/2026-03-03-MINLAC/07_frames/0023.jpg,1630162,38,2026-03-03-MINLAC,7
python/data/clips/2026-03-03-MINLAC/07_frames/0024.jpg,1630162,38,2026-03-03-MINLAC,7
python/data/clips/2026-03-03-MINLAC/07_frames/0025.jpg,1630162,38,2026-03-03-MINLAC,7
python/data/clips/2026-03-03-MINLAC/07_frames/0026.jpg,1630162,38,2026-03-03-MINLAC,7
python/data/clips/2026-03-03-MINLAC/07_frames/0027.jpg,1630162,38,2026-03-03-MINLAC,7
python/data/clips/2026-03-03-MINLAC/07_frames/0028.jpg,1630162,38,2026-03-03-MINLAC,7
python/data/clips/2026-03-03-MINLAC/07_frames/0029.jpg,1630162,38,2026-03-03-MINLAC,7
python/data/clips/2026-03-03-MINLAC/07_frames/0030.jpg,1630162,38,2026-03-03-MINLAC,7
python/data/clips/2026-03-03-MINLAC/08_frames/0024.jpg,1630183,39,2026-03-03-MINLAC,8
python/data/clips/2026-03-03-MINLAC/08_frames/0025.jpg,1630183,39,2026-03-03-MINLAC,8
python/data/clips/2026-03-03-MINLAC/08_frames/0026.jpg,1630183,39,2026-03-03-MINLAC,8
python/data/clips/2026-03-03-MINLAC/08_frames/0027.jpg,1630183,39,2026-03-03-MINLAC,8
python/data/clips/2026-03-03-MINLAC/08_frames/0028.jpg,1630183,39,2026-03-03-MINLAC,8
python/data/clips/2026-03-03-MINLAC/08_frames/0029.jpg,1630183,39,2026-03-03-MINLAC,8
python/data/clips/2026-03-03-MINLAC/08_frames/0030.jpg,1630183,39,2026-03-03-MINLAC,8
python/data/clips/2026-03-03-MINLAC/08_frames/0031.jpg,1630183,39,2026-03-03-MINLAC,8
python/data/clips/2026-03-03-MINLAC/08_frames/0032.jpg,1630183,39,2026-03-03-MINLAC,8
python/data/clips/2026-03-03-MINLAC/08_frames/0033.jpg,1630183,39,2026-03-03-MINLAC,8
python/data/clips/2026-03-03-MINLAC/08_frames/0034.jpg,1630183,39,2026-03-03-MINLAC,8
python/data/clips/2026-03-03-MINLAC/08_frames/0035.jpg,1630183,39,2026-03-03-MINLAC,8
python/data/clips/2026-03-03-MINLAC/09_frames/0019.jpg,1642920,40,2026-03-03-MINLAC,9
python/data/clips/2026-03-03-MINLAC/09_frames/0020.jpg,1642920,40,2026-03-03-MINLAC,9
python/data/clips/2026-03-03-MINLAC/09_frames/0021.jpg,1642920,40,2026-03-03-MINLAC,9
python/data/clips/2026-03-03-MINLAC/09_frames/0022.jpg,1642920,40,2026-03-03-MINLAC,9
python/data/clips/2026-03-03-MINLAC/09_frames/0023.jpg,1642920,40,2026-03-03-MINLAC,9
python/data/clips/2026-03-03-MINLAC/09_frames/0024.jpg,1642920,40,2026-03-03-MINLAC,9
python/data/clips/2026-03-03-MINLAC/09_frames/0025.jpg,1642920,40,2026-03-03-MINLAC,9
python/data/clips/2026-03-03-MINLAC/09_frames/0026.jpg,1642920,40,2026-03-03-MINLAC,9
python/data/clips/2026-03-03-MINLAC/09_frames/0027.jpg,1642920,40,2026-03-03-MINLAC,9
python/data/clips/2026-03-03-MINLAC/09_frames/0028.jpg,1642920,40,2026-03-03-MINLAC,9
python/data/clips/2026-03-03-MINLAC/09_frames/0029.jpg,1642920,40,2026-03-03-MINLAC,9
python/data/clips/2026-03-03-MINLAC/09_frames/0030.jpg,1642920,40,2026-03-03-MINLAC,9
python/data/clips/2026-03-03-MINLAC/10_frames/0029.jpg,1630245,41,2026-03-03-MINLAC,10
python/data/clips/2026-03-03-MINLAC/10_frames/0030.jpg,1630245,41,2026-03-03-MINLAC,10
python/data/clips/2026-03-03-MINLAC/10_frames/0031.jpg,1630245,41,2026-03-03-MINLAC,10
python/data/clips/2026-03-03-MINLAC/10_frames/0032.jpg,1630245,41,2026-03-03-MINLAC,10
python/data/clips/2026-03-03-MINLAC/10_frames/0033.jpg,1630245,41,2026-03-03-MINLAC,10
python/data/clips/2026-03-03-MINLAC/10_frames/0034.jpg,1630245,41,2026-03-03-MINLAC,10
python/data/clips/2026-03-03-MINLAC/10_frames/0035.jpg,1630245,41,2026-03-03-MINLAC,10
python/data/clips/2026-03-03-MINLAC/10_frames/0036.jpg,1630245,41,2026-03-03-MINLAC,10
python/data/clips/2026-03-03-MINLAC/10_frames/0037.jpg,1630245,41,2026-03-03-MINLAC,10
python/data/clips/2026-03-03-MINLAC/10_frames/0038.jpg,1630245,41,2026-03-03-MINLAC,10
python/data/clips/2026-03-03-MINLAC/10_frames/0039.jpg,1630245,41,2026-03-03-MINLAC,10
python/data/clips/2026-03-03-MINLAC/10_frames/0040.jpg,1630245,41,2026-03-03-MINLAC,10
python/data/clips/2026-03-04-OKCDEN/01_frames/0034.jpg,1628392,42,2026-03-04-OKCDEN,1
python/data/clips/2026-03-04-OKCDEN/01_frames/0035.jpg,1628392,42,2026-03-04-OKCDEN,1
python/data/clips/2026-03-04-OKCDEN/01_frames/0036.jpg,1628392,42,2026-03-04-OKCDEN,1
python/data/clips/2026-03-04-OKCDEN/01_frames/0037.jpg,1628392,42,2026-03-04-OKCDEN,1
python/data/clips/2026-03-04-OKCDEN/01_frames/0038.jpg,1628392,42,2026-03-04-OKCDEN,1
python/data/clips/2026-03-04-OKCDEN/01_frames/0039.jpg,1628392,42,2026-03-04-OKCDEN,1
python/data/clips/2026-03-04-OKCDEN/01_frames/0040.jpg,1628392,42,2026-03-04-OKCDEN,1
python/data/clips/2026-03-04-OKCDEN/01_frames/0041.jpg,1628392,42,2026-03-04-OKCDEN,1
python/data/clips/2026-03-04-OKCDEN/01_frames/0042.jpg,1628392,42,2026-03-04-OKCDEN,1
python/data/clips/2026-03-04-OKCDEN/01_frames/0043.jpg,1628392,42,2026-03-04-OKCDEN,1
python/data/clips/2026-03-04-OKCDEN/01_frames/0044.jpg,1628392,42,2026-03-04-OKCDEN,1
python/data/clips/2026-03-04-OKCDEN/01_frames/0045.jpg,1628392,42,2026-03-04-OKCDEN,1
python/data/clips/2026-03-04-OKCDEN/02_frames/0014.jpg,1631096,43,2026-03-04-OKCDEN,2
python/data/clips/2026-03-04-OKCDEN/02_frames/0015.jpg,1631096,43,2026-03-04-OKCDEN,2
python/data/clips/2026-03-04-OKCDEN/02_frames/0016.jpg,1631096,43,2026-03-04-OKCDEN,2
python/data/clips/2026-03-04-OKCDEN/02_frames/0017.jpg,1631096,43,2026-03-04-OKCDEN,2
python/data/clips/2026-03-04-OKCDEN/02_frames/0018.jpg,1631096,43,2026-03-04-OKCDEN,2
python/data/clips/2026-03-04-OKCDEN/02_frames/0019.jpg,1631096,43,2026-03-04-OKCDEN,2
python/data/clips/2026-03-04-OKCDEN/02_frames/0020.jpg,1631096,43,2026-03-04-OKCDEN,2
python/data/clips/2026-03-04-OKCDEN/02_frames/0021.jpg,1631096,43,2026-03-04-OKCDEN,2
python/data/clips/2026-03-04-OKCDEN/02_frames/0022.jpg,1631096,43,2026-03-04-OKCDEN,2
python/data/clips/2026-03-04-OKCDEN/02_frames/0023.jpg,1631096,43,2026-03-04-OKCDEN,2
python/data/clips/2026-03-04-OKCDEN/02_frames/0024.jpg,1631096,43,2026-03-04-OKCDEN,2
python/data/clips/2026-03-04-OKCDEN/02_frames/0025.jpg,1631096,43,2026-03-04-OKCDEN,2
python/data/clips/2026-03-04-OKCDEN/03_frames/0019.jpg,1629661,44,2026-03-04-OKCDEN,3
python/data/clips/2026-03-04-OKCDEN/03_frames/0020.jpg,1629661,44,2026-03-04-OKCDEN,3
python/data/clips/2026-03-04-OKCDEN/03_frames/0021.jpg,1629661,44,2026-03-04-OKCDEN,3
python/data/clips/2026-03-04-OKCDEN/03_frames/0022.jpg,1629661,44,2026-03-04-OKCDEN,3
python/data/clips/2026-03-04-OKCDEN/03_frames/0023.jpg,1629661,44,2026-03-04-OKCDEN,3
python/data/clips/2026-03-04-OKCDEN/03_frames/0024.jpg,1629661,44,2026-03-04-OKCDEN,3
python/data/clips/2026-03-04-OKCDEN/03_frames/0025.jpg,1629661,44,2026-03-04-OKCDEN,3
python/data/clips/2026-03-04-OKCDEN/03_frames/0026.jpg,1629661,44,2026-03-04-OKCDEN,3
python/data/clips/2026-03-04-OKCDEN/03_frames/0027.jpg,1629661,44,2026-03-04-OKCDEN,3
python/data/clips/2026-03-04-OKCDEN/03_frames/0028.jpg,1629661,44,2026-03-04-OKCDEN,3
python/data/clips/2026-03-04-OKCDEN/03_frames/0029.jpg,1629661,44,2026-03-04-OKCDEN,3
python/data/clips/2026-03-04-OKCDEN/03_frames/0030.jpg,1629661,44,2026-03-04-OKCDEN,3
python/data/clips/2026-03-04-OKCDEN/04_frames/0019.jpg,1631128,45,2026-03-04-OKCDEN,4
python/data/clips/2026-03-04-OKCDEN/04_frames/0020.jpg,1631128,45,2026-03-04-OKCDEN,4
python/data/clips/2026-03-04-OKCDEN/04_frames/0021.jpg,1631128,45,2026-03-04-OKCDEN,4
python/data/clips/2026-03-04-OKCDEN/04_frames/0022.jpg,1631128,45,2026-03-04-OKCDEN,4
python/data/clips/2026-03-04-OKCDEN/04_frames/0023.jpg,1631128,45,2026-03-04-OKCDEN,4
python/data/clips/2026-03-04-OKCDEN/04_frames/0024.jpg,1631128,45,2026-03-04-OKCDEN,4
python/data/clips/2026-03-04-OKCDEN/04_frames/0025.jpg,1631128,45,2026-03-04-OKCDEN,4
python/data/clips/2026-03-04-OKCDEN/04_frames/0026.jpg,1631128,45,2026-03-04-OKCDEN,4
python/data/clips/2026-03-04-OKCDEN/04_frames/0027.jpg,1631128,45,2026-03-04-OKCDEN,4
python/data/clips/2026-03-04-OKCDEN/04_frames/0028.jpg,1631128,45,2026-03-04-OKCDEN,4
python/data/clips/2026-03-04-OKCDEN/04_frames/0029.jpg,1631128,45,2026-03-04-OKCDEN,4
python/data/clips/2026-03-04-OKCDEN/04_frames/0030.jpg,1631128,45,2026-03-04-OKCDEN,4
python/data/clips/2026-03-04-OKCDEN/05_frames/0019.jpg,1627750,46,2026-03-04-OKCDEN,5
python/data/clips/2026-03-04-OKCDEN/05_frames/0020.jpg,1627750,46,2026-03-04-OKCDEN,5
python/data/clips/2026-03-04-OKCDEN/05_frames/0021.jpg,1627750,46,2026-03-04-OKCDEN,5
python/data/clips/2026-03-04-OKCDEN/05_frames/0022.jpg,1627750,46,2026-03-04-OKCDEN,5
python/data/clips/2026-03-04-OKCDEN/05_frames/0023.jpg,1627750,46,2026-03-04-OKCDEN,5
python/data/clips/2026-03-04-OKCDEN/05_frames/0024.jpg,1627750,46,2026-03-04-OKCDEN,5
python/data/clips/2026-03-04-OKCDEN/05_frames/0025.jpg,1627750,46,2026-03-04-OKCDEN,5
python/data/clips/2026-03-04-OKCDEN/05_frames/0026.jpg,1627750,46,2026-03-04-OKCDEN,5
python/data/clips/2026-03-04-OKCDEN/05_frames/0027.jpg,1627750,46,2026-03-04-OKCDEN,5
python/data/clips/2026-03-04-OKCDEN/05_frames/0028.jpg,1627750,46,2026-03-04-OKCDEN,5
python/data/clips/2026-03-04-OKCDEN/05_frames/0029.jpg,1627750,46,2026-03-04-OKCDEN,5
python/data/clips/2026-03-04-OKCDEN/05_frames/0030.jpg,1627750,46,2026-03-04-OKCDEN,5
python/data/clips/2026-03-04-OKCDEN/06_frames/0019.jpg,203501,47,2026-03-04-OKCDEN,6
python/data/clips/2026-03-04-OKCDEN/06_frames/0020.jpg,203501,47,2026-03-04-OKCDEN,6
python/data/clips/2026-03-04-OKCDEN/06_frames/0021.jpg,203501,47,2026-03-04-OKCDEN,6
python/data/clips/2026-03-04-OKCDEN/06_frames/0022.jpg,203501,47,2026-03-04-OKCDEN,6
python/data/clips/2026-03-04-OKCDEN/06_frames/0023.jpg,203501,47,2026-03-04-OKCDEN,6
python/data/clips/2026-03-04-OKCDEN/06_frames/0024.jpg,203501,47,2026-03-04-OKCDEN,6
python/data/clips/2026-03-04-OKCDEN/06_frames/0025.jpg,203501,47,2026-03-04-OKCDEN,6
python/data/clips/2026-03-04-OKCDEN/06_frames/0026.jpg,203501,47,2026-03-04-OKCDEN,6
python/data/clips/2026-03-04-OKCDEN/06_frames/0027.jpg,203501,47,2026-03-04-OKCDEN,6
python/data/clips/2026-03-04-OKCDEN/06_frames/0028.jpg,203501,47,2026-03-04-OKCDEN,6
python/data/clips/2026-03-04-OKCDEN/06_frames/0029.jpg,203501,47,2026-03-04-OKCDEN,6
python/data/clips/2026-03-04-OKCDEN/06_frames/0030.jpg,203501,47,2026-03-04-OKCDEN,6
python/data/clips/2026-03-04-OKCDEN/07_frames/0014.jpg,1628983,48,2026-03-04-OKCDEN,7
python/data/clips/2026-03-04-OKCDEN/07_frames/0015.jpg,1628983,48,2026-03-04-OKCDEN,7
python/data/clips/2026-03-04-OKCDEN/07_frames/0016.jpg,1628983,48,2026-03-04-OKCDEN,7
python/data/clips/2026-03-04-OKCDEN/07_frames/0017.jpg,1628983,48,2026-03-04-OKCDEN,7
python/data/clips/2026-03-04-OKCDEN/07_frames/0018.jpg,1628983,48,2026-03-04-OKCDEN,7
python/data/clips/2026-03-04-OKCDEN/07_frames/0019.jpg,1628983,48,2026-03-04-OKCDEN,7
python/data/clips/2026-03-04-OKCDEN/07_frames/0020.jpg,1628983,48,2026-03-04-OKCDEN,7
python/data/clips/2026-03-04-OKCDEN/07_frames/0021.jpg,1628983,48,2026-03-04-OKCDEN,7
python/data/clips/2026-03-04-OKCDEN/07_frames/0022.jpg,1628983,48,2026-03-04-OKCDEN,7
python/data/clips/2026-03-04-OKCDEN/07_frames/0023.jpg,1628983,48,2026-03-04-OKCDEN,7
python/data/clips/2026-03-04-OKCDEN/07_frames/0024.jpg,1628983,48,2026-03-04-OKCDEN,7
python/data/clips/2026-03-04-OKCDEN/07_frames/0025.jpg,1628983,48,2026-03-04-OKCDEN,7
python/data/clips/2026-03-04-OKCDEN/08_frames/0029.jpg,1628983,49,2026-03-04-OKCDEN,8
python/data/clips/2026-03-04-OKCDEN/08_frames/0030.jpg,1628983,49,2026-03-04-OKCDEN,8
python/data/clips/2026-03-04-OKCDEN/08_frames/0031.jpg,1628983,49,2026-03-04-OKCDEN,8
python/data/clips/2026-03-04-OKCDEN/08_frames/0032.jpg,1628983,49,2026-03-04-OKCDEN,8
python/data/clips/2026-03-04-OKCDEN/08_frames/0033.jpg,1628983,49,2026-03-04-OKCDEN,8
python/data/clips/2026-03-04-OKCDEN/08_frames/0034.jpg,1628983,49,2026-03-04-OKCDEN,8
python/data/clips/2026-03-04-OKCDEN/08_frames/0035.jpg,1628983,49,2026-03-04-OKCDEN,8
python/data/clips/2026-03-04-OKCDEN/08_frames/0036.jpg,1628983,49,2026-03-04-OKCDEN,8
python/data/clips/2026-03-04-OKCDEN/08_frames/0037.jpg,1628983,49,2026-03-04-OKCDEN,8
python/data/clips/2026-03-04-OKCDEN/08_frames/0038.jpg,1628983,49,2026-03-04-OKCDEN,8
python/data/clips/2026-03-04-OKCDEN/08_frames/0039.jpg,1628983,49,2026-03-04-OKCDEN,8
python/data/clips/2026-03-04-OKCDEN/08_frames/0040.jpg,1628983,49,2026-03-04-OKCDEN,8
python/data/clips/2026-03-04-OKCDEN/09_frames/0034.jpg,1629652,50,2026-03-04-OKCDEN,9
python/data/clips/2026-03-04-OKCDEN/09_frames/0035.jpg,1629652,50,2026-03-04-OKCDEN,9
python/data/clips/2026-03-04-OKCDEN/09_frames/0036.jpg,1629652,50,2026-03-04-OKCDEN,9
python/data/clips/2026-03-04-OKCDEN/09_frames/0037.jpg,1629652,50,2026-03-04-OKCDEN,9
python/data/clips/2026-03-04-OKCDEN/09_frames/0038.jpg,1629652,50,2026-03-04-OKCDEN,9
python/data/clips/2026-03-04-OKCDEN/09_frames/0039.jpg,1629652,50,2026-03-04-OKCDEN,9
python/data/clips/2026-03-04-OKCDEN/09_frames/0040.jpg,1629652,50,2026-03-04-OKCDEN,9
python/data/clips/2026-03-04-OKCDEN/09_frames/0041.jpg,1629652,50,2026-03-04-OKCDEN,9
python/data/clips/2026-03-04-OKCDEN/09_frames/0042.jpg,1629652,50,2026-03-04-OKCDEN,9
python/data/clips/2026-03-04-OKCDEN/09_frames/0043.jpg,1629652,50,2026-03-04-OKCDEN,9
python/data/clips/2026-03-04-OKCDEN/09_frames/0044.jpg,1629652,50,2026-03-04-OKCDEN,9
python/data/clips/2026-03-04-OKCDEN/09_frames/0045.jpg,1629652,50,2026-03-04-OKCDEN,9
python/data/clips/2026-03-04-OKCDEN/10_frames/0024.jpg,1628971,51,2026-03-04-OKCDEN,10
python/data/clips/2026-03-04-OKCDEN/10_frames/0025.jpg,1628971,51,2026-03-04-OKCDEN,10
python/data/clips/2026-03-04-OKCDEN/10_frames/0026.jpg,1628971,51,2026-03-04-OKCDEN,10
python/data/clips/2026-03-04-OKCDEN/10_frames/0027.jpg,1628971,51,2026-03-04-OKCDEN,10
python/data/clips/2026-03-04-OKCDEN/10_frames/0028.jpg,1628971,51,2026-03-04-OKCDEN,10
python/data/clips/2026-03-04-OKCDEN/10_frames/0029.jpg,1628971,51,2026-03-04-OKCDEN,10
python/data/clips/2026-03-04-OKCDEN/10_frames/0030.jpg,1628971,51,2026-03-04-OKCDEN,10
python/data/clips/2026-03-04-OKCDEN/10_frames/0031.jpg,1628971,51,2026-03-04-OKCDEN,10
python/data/clips/2026-03-04-OKCDEN/10_frames/0032.jpg,1628971,51,2026-03-04-OKCDEN,10
python/data/clips/2026-03-04-OKCDEN/10_frames/0033.jpg,1628971,51,2026-03-04-OKCDEN,10
python/data/clips/2026-03-04-OKCDEN/10_frames/0034.jpg,1628971,51,2026-03-04-OKCDEN,10
python/data/clips/2026-03-04-OKCDEN/10_frames/0035.jpg,1628971,51,2026-03-04-OKCDEN,10
python/data/clips/2026-03-05-LALPHX/01_frames/0029.jpg,1626220,52,2026-03-05-LALPHX,1
python/data/clips/2026-03-05-LALPHX/01_frames/0030.jpg,1626220,52,2026-03-05-LALPHX,1
python/data/clips/2026-03-05-LALPHX/01_frames/0031.jpg,1626220,52,2026-03-05-LALPHX,1
python/data/clips/2026-03-05-LALPHX/01_frames/0032.jpg,1626220,52,2026-03-05-LALPHX,1
python/data/clips/2026-03-05-LALPHX/01_frames/0033.jpg,1626220,52,2026-03-05-LALPHX,1
python/data/clips/2026-03-05-LALPHX/01_frames/0034.jpg,1626220,52,2026-03-05-LALPHX,1
python/data/clips/2026-03-05-LALPHX/01_frames/0035.jpg,1626220,52,2026-03-05-LALPHX,1
python/data/clips/2026-03-05-LALPHX/01_frames/0036.jpg,1626220,52,2026-03-05-LALPHX,1
python/data/clips/2026-03-05-LALPHX/01_frames/0037.jpg,1626220,52,2026-03-05-LALPHX,1
python/data/clips/2026-03-05-LALPHX/01_frames/0038.jpg,1626220,52,2026-03-05-LALPHX,1
python/data/clips/2026-03-05-LALPHX/01_frames/0039.jpg,1626220,52,2026-03-05-LALPHX,1
python/data/clips/2026-03-05-LALPHX/01_frames/0040.jpg,1626220,52,2026-03-05-LALPHX,1
python/data/clips/2026-03-05-LALPHX/02_frames/0014.jpg,2544,53,2026-03-05-LALPHX,2
python/data/clips/2026-03-05-LALPHX/02_frames/0015.jpg,2544,53,2026-03-05-LALPHX,2
python/data/clips/2026-03-05-LALPHX/02_frames/0016.jpg,2544,53,2026-03-05-LALPHX,2
python/data/clips/2026-03-05-LALPHX/02_frames/0017.jpg,2544,53,2026-03-05-LALPHX,2
python/data/clips/2026-03-05-LALPHX/02_frames/0018.jpg,2544,53,2026-03-05-LALPHX,2
python/data/clips/2026-03-05-LALPHX/02_frames/0019.jpg,2544,53,2026-03-05-LALPHX,2
python/data/clips/2026-03-05-LALPHX/02_frames/0020.jpg,2544,53,2026-03-05-LALPHX,2
python/data/clips/2026-03-05-LALPHX/02_frames/0021.jpg,2544,53,2026-03-05-LALPHX,2
python/data/clips/2026-03-05-LALPHX/02_frames/0022.jpg,2544,53,2026-03-05-LALPHX,2
python/data/clips/2026-03-05-LALPHX/02_frames/0023.jpg,2544,53,2026-03-05-LALPHX,2
python/data/clips/2026-03-05-LALPHX/02_frames/0024.jpg,2544,53,2026-03-05-LALPHX,2
python/data/clips/2026-03-05-LALPHX/02_frames/0025.jpg,2544,53,2026-03-05-LALPHX,2
python/data/clips/2026-03-05-LALPHX/03_frames/0024.jpg,1631109,54,2026-03-05-LALPHX,3
python/data/clips/2026-03-05-LALPHX/03_frames/0025.jpg,1631109,54,2026-03-05-LALPHX,3
python/data/clips/2026-03-05-LALPHX/03_frames/0026.jpg,1631109,54,2026-03-05-LALPHX,3
python/data/clips/2026-03-05-LALPHX/03_frames/0027.jpg,1631109,54,2026-03-05-LALPHX,3
python/data/clips/2026-03-05-LALPHX/03_frames/0028.jpg,1631109,54,2026-03-05-LALPHX,3
python/data/clips/2026-03-05-LALPHX/03_frames/0029.jpg,1631109,54,2026-03-05-LALPHX,3
python/data/clips/2026-03-05-LALPHX/03_frames/0030.jpg,1631109,54,2026-03-05-LALPHX,3
python/data/clips/2026-03-05-LALPHX/03_frames/0031.jpg,1631109,54,2026-03-05-LALPHX,3
python/data/clips/2026-03-05-LALPHX/03_frames/0032.jpg,1631109,54,2026-03-05-LALPHX,3
python/data/clips/2026-03-05-LALPHX/03_frames/0033.jpg,1631109,54,2026-03-05-LALPHX,3
python/data/clips/2026-03-05-LALPHX/03_frames/0034.jpg,1631109,54,2026-03-05-LALPHX,3
python/data/clips/2026-03-05-LALPHX/03_frames/0035.jpg,1631109,54,2026-03-05-LALPHX,3
python/data/clips/2026-03-05-LALPHX/04_frames/0014.jpg,1642346,55,2026-03-05-LALPHX,4
python/data/clips/2026-03-05-LALPHX/04_frames/0015.jpg,1642346,55,2026-03-05-LALPHX,4
python/data/clips/2026-03-05-LALPHX/04_frames/0016.jpg,1642346,55,2026-03-05-LALPHX,4
python/data/clips/2026-03-05-LALPHX/04_frames/0017.jpg,1642346,55,2026-03-05-LALPHX,4
python/data/clips/2026-03-05-LALPHX/04_frames/0018.jpg,1642346,55,2026-03-05-LALPHX,4
python/data/clips/2026-03-05-LALPHX/04_frames/0019.jpg,1642346,55,2026-03-05-LALPHX,4
python/data/clips/2026-03-05-LALPHX/04_frames/0020.jpg,1642346,55,2026-03-05-LALPHX,4
python/data/clips/2026-03-05-LALPHX/04_frames/0021.jpg,1642346,55,2026-03-05-LALPHX,4
python/data/clips/2026-03-05-LALPHX/04_frames/0022.jpg,1642346,55,2026-03-05-LALPHX,4
python/data/clips/2026-03-05-LALPHX/04_frames/0023.jpg,1642346,55,2026-03-05-LALPHX,4
python/data/clips/2026-03-05-LALPHX/04_frames/0024.jpg,1642346,55,2026-03-05-LALPHX,4
python/data/clips/2026-03-05-LALPHX/04_frames/0025.jpg,1642346,55,2026-03-05-LALPHX,4
python/data/clips/2026-03-05-LALPHX/05_frames/0024.jpg,1630559,56,2026-03-05-LALPHX,5
python/data/clips/2026-03-05-LALPHX/05_frames/0025.jpg,1630559,56,2026-03-05-LALPHX,5
python/data/clips/2026-03-05-LALPHX/05_frames/0026.jpg,1630559,56,2026-03-05-LALPHX,5
python/data/clips/2026-03-05-LALPHX/05_frames/0027.jpg,1630559,56,2026-03-05-LALPHX,5
python/data/clips/2026-03-05-LALPHX/05_frames/0028.jpg,1630559,56,2026-03-05-LALPHX,5
python/data/clips/2026-03-05-LALPHX/05_frames/0029.jpg,1630559,56,2026-03-05-LALPHX,5
python/data/clips/2026-03-05-LALPHX/05_frames/0030.jpg,1630559,56,2026-03-05-LALPHX,5
python/data/clips/2026-03-05-LALPHX/05_frames/0031.jpg,1630559,56,2026-03-05-LALPHX,5
python/data/clips/2026-03-05-LALPHX/05_frames/0032.jpg,1630559,56,2026-03-05-LALPHX,5
python/data/clips/2026-03-05-LALPHX/05_frames/0033.jpg,1630559,56,2026-03-05-LALPHX,5
python/data/clips/2026-03-05-LALPHX/05_frames/0034.jpg,1630559,56,2026-03-05-LALPHX,5
python/data/clips/2026-03-05-LALPHX/05_frames/0035.jpg,1630559,56,2026-03-05-LALPHX,5
python/data/clips/2026-03-05-LALPHX/06_frames/0024.jpg,2544,57,2026-03-05-LALPHX,6
python/data/clips/2026-03-05-LALPHX/06_frames/0025.jpg,2544,57,2026-03-05-LALPHX,6
python/data/clips/2026-03-05-LALPHX/06_frames/0026.jpg,2544,57,2026-03-05-LALPHX,6
python/data/clips/2026-03-05-LALPHX/06_frames/0027.jpg,2544,57,2026-03-05-LALPHX,6
python/data/clips/2026-03-05-LALPHX/06_frames/0028.jpg,2544,57,2026-03-05-LALPHX,6
python/data/clips/2026-03-05-LALPHX/06_frames/0029.jpg,2544,57,2026-03-05-LALPHX,6
python/data/clips/2026-03-05-LALPHX/06_frames/0030.jpg,2544,57,2026-03-05-LALPHX,6
python/data/clips/2026-03-05-LALPHX/06_frames/0031.jpg,2544,57,2026-03-05-LALPHX,6
python/data/clips/2026-03-05-LALPHX/06_frames/0032.jpg,2544,57,2026-03-05-LALPHX,6
python/data/clips/2026-03-05-LALPHX/06_frames/0033.jpg,2544,57,2026-03-05-LALPHX,6
python/data/clips/2026-03-05-LALPHX/06_frames/0034.jpg,2544,57,2026-03-05-LALPHX,6
python/data/clips/2026-03-05-LALPHX/06_frames/0035.jpg,2544,57,2026-03-05-LALPHX,6
python/data/clips/2026-03-05-LALPHX/07_frames/0029.jpg,1629029,58,2026-03-05-LALPHX,7
python/data/clips/2026-03-05-LALPHX/07_frames/0030.jpg,1629029,58,2026-03-05-LALPHX,7
python/data/clips/2026-03-05-LALPHX/07_frames/0031.jpg,1629029,58,2026-03-05-LALPHX,7
python/data/clips/2026-03-05-LALPHX/07_frames/0032.jpg,1629029,58,2026-03-05-LALPHX,7
python/data/clips/2026-03-05-LALPHX/07_frames/0033.jpg,1629029,58,2026-03-05-LALPHX,7
python/data/clips/2026-03-05-LALPHX/07_frames/0034.jpg,1629029,58,2026-03-05-LALPHX,7
python/data/clips/2026-03-05-LALPHX/07_frames/0035.jpg,1629029,58,2026-03-05-LALPHX,7
python/data/clips/2026-03-05-LALPHX/07_frames/0036.jpg,1629029,58,2026-03-05-LALPHX,7
python/data/clips/2026-03-05-LALPHX/07_frames/0037.jpg,1629029,58,2026-03-05-LALPHX,7
python/data/clips/2026-03-05-LALPHX/07_frames/0038.jpg,1629029,58,2026-03-05-LALPHX,7
python/data/clips/2026-03-05-LALPHX/07_frames/0039.jpg,1629029,58,2026-03-05-LALPHX,7
python/data/clips/2026-03-05-LALPHX/07_frames/0040.jpg,1629029,58,2026-03-05-LALPHX,7
python/data/clips/2026-03-05-LALPHX/08_frames/0019.jpg,1642345,59,2026-03-05-LALPHX,8
python/data/clips/2026-03-05-LALPHX/08_frames/0020.jpg,1642345,59,2026-03-05-LALPHX,8
python/data/clips/2026-03-05-LALPHX/08_frames/0021.jpg,1642345,59,2026-03-05-LALPHX,8
python/data/clips/2026-03-05-LALPHX/08_frames/0022.jpg,1642345,59,2026-03-05-LALPHX,8
python/data/clips/2026-03-05-LALPHX/08_frames/0023.jpg,1642345,59,2026-03-05-LALPHX,8
python/data/clips/2026-03-05-LALPHX/08_frames/0024.jpg,1642345,59,2026-03-05-LALPHX,8
python/data/clips/2026-03-05-LALPHX/08_frames/0025.jpg,1642345,59,2026-03-05-LALPHX,8
python/data/clips/2026-03-05-LALPHX/08_frames/0026.jpg,1642345,59,2026-03-05-LALPHX,8
python/data/clips/2026-03-05-LALPHX/08_frames/0027.jpg,1642345,59,2026-03-05-LALPHX,8
python/data/clips/2026-03-05-LALPHX/08_frames/0028.jpg,1642345,59,2026-03-05-LALPHX,8
python/data/clips/2026-03-05-LALPHX/08_frames/0029.jpg,1642345,59,2026-03-05-LALPHX,8
python/data/clips/2026-03-05-LALPHX/08_frames/0030.jpg,1642345,59,2026-03-05-LALPHX,8
python/data/clips/2026-03-05-LALPHX/09_frames/0019.jpg,1628960,60,2026-03-05-LALPHX,9
python/data/clips/2026-03-05-LALPHX/09_frames/0020.jpg,1628960,60,2026-03-05-LALPHX,9
python/data/clips/2026-03-05-LALPHX/09_frames/0021.jpg,1628960,60,2026-03-05-LALPHX,9
python/data/clips/2026-03-05-LALPHX/09_frames/0022.jpg,1628960,60,2026-03-05-LALPHX,9
python/data/clips/2026-03-05-LALPHX/09_frames/0023.jpg,1628960,60,2026-03-05-LALPHX,9
python/data/clips/2026-03-05-LALPHX/09_frames/0024.jpg,1628960,60,2026-03-05-LALPHX,9
python/data/clips/2026-03-05-LALPHX/09_frames/0025.jpg,1628960,60,2026-03-05-LALPHX,9
python/data/clips/2026-03-05-LALPHX/09_frames/0026.jpg,1628960,60,2026-03-05-LALPHX,9
python/data/clips/2026-03-05-LALPHX/09_frames/0027.jpg,1628960,60,2026-03-05-LALPHX,9
python/data/clips/2026-03-05-LALPHX/09_frames/0028.jpg,1628960,60,2026-03-05-LALPHX,9
python/data/clips/2026-03-05-LALPHX/09_frames/0029.jpg,1628960,60,2026-03-05-LALPHX,9
python/data/clips/2026-03-05-LALPHX/09_frames/0030.jpg,1628960,60,2026-03-05-LALPHX,9
python/data/clips/2026-03-05-LALPHX/10_frames/0029.jpg,1628960,61,2026-03-05-LALPHX,10
python/data/clips/2026-03-05-LALPHX/10_frames/0030.jpg,1628960,61,2026-03-05-LALPHX,10
python/data/clips/2026-03-05-LALPHX/10_frames/0031.jpg,1628960,61,2026-03-05-LALPHX,10
python/data/clips/2026-03-05-LALPHX/10_frames/0032.jpg,1628960,61,2026-03-05-LALPHX,10
python/data/clips/2026-03-05-LALPHX/10_frames/0033.jpg,1628960,61,2026-03-05-LALPHX,10
python/data/clips/2026-03-05-LALPHX/10_frames/0034.jpg,1628960,61,2026-03-05-LALPHX,10
python/data/clips/2026-03-05-LALPHX/10_frames/0035.jpg,1628960,61,2026-03-05-LALPHX,10
python/data/clips/2026-03-05-LALPHX/10_frames/0036.jpg,1628960,61,2026-03-05-LALPHX,10
python/data/clips/2026-03-05-LALPHX/10_frames/0037.jpg,1628960,61,2026-03-05-LALPHX,10
python/data/clips/2026-03-05-LALPHX/10_frames/0038.jpg,1628960,61,2026-03-05-LALPHX,10
python/data/clips/2026-03-05-LALPHX/10_frames/0039.jpg,1628960,61,2026-03-05-LALPHX,10
python/data/clips/2026-03-05-LALPHX/10_frames/0040.jpg,1628960,61,2026-03-05-LALPHX,10
python/data/clips/2026-03-06-DALMEM/01_frames/0019.jpg,1630590,62,2026-03-06-DALMEM,1
python/data/clips/2026-03-06-DALMEM/01_frames/0020.jpg,1630590,62,2026-03-06-DALMEM,1
python/data/clips/2026-03-06-DALMEM/01_frames/0021.jpg,1630590,62,2026-03-06-DALMEM,1
python/data/clips/2026-03-06-DALMEM/01_frames/0022.jpg,1630590,62,2026-03-06-DALMEM,1
python/data/clips/2026-03-06-DALMEM/01_frames/0023.jpg,1630590,62,2026-03-06-DALMEM,1
python/data/clips/2026-03-06-DALMEM/01_frames/0024.jpg,1630590,62,2026-03-06-DALMEM,1
python/data/clips/2026-03-06-DALMEM/01_frames/0025.jpg,1630590,62,2026-03-06-DALMEM,1
python/data/clips/2026-03-06-DALMEM/01_frames/0026.jpg,1630590,62,2026-03-06-DALMEM,1
python/data/clips/2026-03-06-DALMEM/01_frames/0027.jpg,1630590,62,2026-03-06-DALMEM,1
python/data/clips/2026-03-06-DALMEM/01_frames/0028.jpg,1630590,62,2026-03-06-DALMEM,1
python/data/clips/2026-03-06-DALMEM/01_frames/0029.jpg,1630590,62,2026-03-06-DALMEM,1
python/data/clips/2026-03-06-DALMEM/01_frames/0030.jpg,1630590,62,2026-03-06-DALMEM,1
python/data/clips/2026-03-06-DALMEM/02_frames/0019.jpg,1630314,63,2026-03-06-DALMEM,2
python/data/clips/2026-03-06-DALMEM/02_frames/0020.jpg,1630314,63,2026-03-06-DALMEM,2
python/data/clips/2026-03-06-DALMEM/02_frames/0021.jpg,1630314,63,2026-03-06-DALMEM,2
python/data/clips/2026-03-06-DALMEM/02_frames/0022.jpg,1630314,63,2026-03-06-DALMEM,2
python/data/clips/2026-03-06-DALMEM/02_frames/0023.jpg,1630314,63,2026-03-06-DALMEM,2
python/data/clips/2026-03-06-DALMEM/02_frames/0024.jpg,1630314,63,2026-03-06-DALMEM,2
python/data/clips/2026-03-06-DALMEM/02_frames/0025.jpg,1630314,63,2026-03-06-DALMEM,2
python/data/clips/2026-03-06-DALMEM/02_frames/0026.jpg,1630314,63,2026-03-06-DALMEM,2
python/data/clips/2026-03-06-DALMEM/02_frames/0027.jpg,1630314,63,2026-03-06-DALMEM,2
python/data/clips/2026-03-06-DALMEM/02_frames/0028.jpg,1630314,63,2026-03-06-DALMEM,2
python/data/clips/2026-03-06-DALMEM/02_frames/0029.jpg,1630314,63,2026-03-06-DALMEM,2
python/data/clips/2026-03-06-DALMEM/02_frames/0030.jpg,1630314,63,2026-03-06-DALMEM,2
python/data/clips/2026-03-06-DALMEM/03_frames/0019.jpg,1630590,64,2026-03-06-DALMEM,3
python/data/clips/2026-03-06-DALMEM/03_frames/0020.jpg,1630590,64,2026-03-06-DALMEM,3
python/data/clips/2026-03-06-DALMEM/03_frames/0021.jpg,1630590,64,2026-03-06-DALMEM,3
python/data/clips/2026-03-06-DALMEM/03_frames/0022.jpg,1630590,64,2026-03-06-DALMEM,3
python/data/clips/2026-03-06-DALMEM/03_frames/0023.jpg,1630590,64,2026-03-06-DALMEM,3
python/data/clips/2026-03-06-DALMEM/03_frames/0024.jpg,1630590,64,2026-03-06-DALMEM,3
python/data/clips/2026-03-06-DALMEM/03_frames/0025.jpg,1630590,64,2026-03-06-DALMEM,3
python/data/clips/2026-03-06-DALMEM/03_frames/0026.jpg,1630590,64,2026-03-06-DALMEM,3
python/data/clips/2026-03-06-DALMEM/03_frames/0027.jpg,1630590,64,2026-03-06-DALMEM,3
python/data/clips/2026-03-06-DALMEM/03_frames/0028.jpg,1630590,64,2026-03-06-DALMEM,3
python/data/clips/2026-03-06-DALMEM/03_frames/0029.jpg,1630590,64,2026-03-06-DALMEM,3
python/data/clips/2026-03-06-DALMEM/03_frames/0030.jpg,1630590,64,2026-03-06-DALMEM,3
python/data/clips/2026-03-06-DALMEM/04_frames/0024.jpg,1642358,65,2026-03-06-DALMEM,4
python/data/clips/2026-03-06-DALMEM/04_frames/0025.jpg,1642358,65,2026-03-06-DALMEM,4
python/data/clips/2026-03-06-DALMEM/04_frames/0026.jpg,1642358,65,2026-03-06-DALMEM,4
python/data/clips/2026-03-06-DALMEM/04_frames/0027.jpg,1642358,65,2026-03-06-DALMEM,4
python/data/clips/2026-03-06-DALMEM/04_frames/0028.jpg,1642358,65,2026-03-06-DALMEM,4
python/data/clips/2026-03-06-DALMEM/04_frames/0029.jpg,1642358,65,2026-03-06-DALMEM,4
python/data/clips/2026-03-06-DALMEM/04_frames/0030.jpg,1642358,65,2026-03-06-DALMEM,4
python/data/clips/2026-03-06-DALMEM/04_frames/0031.jpg,1642358,65,2026-03-06-DALMEM,4
python/data/clips/2026-03-06-DALMEM/04_frames/0032.jpg,1642358,65,2026-03-06-DALMEM,4
python/data/clips/2026-03-06-DALMEM/04_frames/0033.jpg,1642358,65,2026-03-06-DALMEM,4
python/data/clips/2026-03-06-DALMEM/04_frames/0034.jpg,1642358,65,2026-03-06-DALMEM,4
python/data/clips/2026-03-06-DALMEM/04_frames/0035.jpg,1642358,65,2026-03-06-DALMEM,4
python/data/clips/2026-03-06-DALMEM/05_frames/0029.jpg,1626140,66,2026-03-06-DALMEM,5
python/data/clips/2026-03-06-DALMEM/05_frames/0030.jpg,1626140,66,2026-03-06-DALMEM,5
python/data/clips/2026-03-06-DALMEM/05_frames/0031.jpg,1626140,66,2026-03-06-DALMEM,5
python/data/clips/2026-03-06-DALMEM/05_frames/0032.jpg,1626140,66,2026-03-06-DALMEM,5
python/data/clips/2026-03-06-DALMEM/05_frames/0033.jpg,1626140,66,2026-03-06-DALMEM,5
python/data/clips/2026-03-06-DALMEM/05_frames/0034.jpg,1626140,66,2026-03-06-DALMEM,5
python/data/clips/2026-03-06-DALMEM/05_frames/0035.jpg,1626140,66,2026-03-06-DALMEM,5
python/data/clips/2026-03-06-DALMEM/05_frames/0036.jpg,1626140,66,2026-03-06-DALMEM,5
python/data/clips/2026-03-06-DALMEM/05_frames/0037.jpg,1626140,66,2026-03-06-DALMEM,5
python/data/clips/2026-03-06-DALMEM/05_frames/0038.jpg,1626140,66,2026-03-06-DALMEM,5
python/data/clips/2026-03-06-DALMEM/05_frames/0039.jpg,1626140,66,2026-03-06-DALMEM,5
python/data/clips/2026-03-06-DALMEM/05_frames/0040.jpg,1626140,66,2026-03-06-DALMEM,5
python/data/clips/2026-03-06-DALMEM/06_frames/0019.jpg,1642383,67,2026-03-06-DALMEM,6
python/data/clips/2026-03-06-DALMEM/06_frames/0020.jpg,1642383,67,2026-03-06-DALMEM,6
python/data/clips/2026-03-06-DALMEM/06_frames/0021.jpg,1642383,67,2026-03-06-DALMEM,6
python/data/clips/2026-03-06-DALMEM/06_frames/0022.jpg,1642383,67,2026-03-06-DALMEM,6
python/data/clips/2026-03-06-DALMEM/06_frames/0023.jpg,1642383,67,2026-03-06-DALMEM,6
python/data/clips/2026-03-06-DALMEM/06_frames/0024.jpg,1642383,67,2026-03-06-DALMEM,6
python/data/clips/2026-03-06-DALMEM/06_frames/0025.jpg,1642383,67,2026-03-06-DALMEM,6
python/data/clips/2026-03-06-DALMEM/06_frames/0026.jpg,1642383,67,2026-03-06-DALMEM,6
python/data/clips/2026-03-06-DALMEM/06_frames/0027.jpg,1642383,67,2026-03-06-DALMEM,6
python/data/clips/2026-03-06-DALMEM/06_frames/0028.jpg,1642383,67,2026-03-06-DALMEM,6
python/data/clips/2026-03-06-DALMEM/06_frames/0029.jpg,1642383,67,2026-03-06-DALMEM,6
python/data/clips/2026-03-06-DALMEM/06_frames/0030.jpg,1642383,67,2026-03-06-DALMEM,6
python/data/clips/2026-03-06-DALMEM/07_frames/0024.jpg,1641765,69,2026-03-06-DALMEM,7
python/data/clips/2026-03-06-DALMEM/07_frames/0025.jpg,1641765,69,2026-03-06-DALMEM,7
python/data/clips/2026-03-06-DALMEM/07_frames/0026.jpg,1641765,69,2026-03-06-DALMEM,7
python/data/clips/2026-03-06-DALMEM/07_frames/0027.jpg,1641765,69,2026-03-06-DALMEM,7
python/data/clips/2026-03-06-DALMEM/07_frames/0028.jpg,1641765,69,2026-03-06-DALMEM,7
python/data/clips/2026-03-06-DALMEM/07_frames/0029.jpg,1641765,69,2026-03-06-DALMEM,7
python/data/clips/2026-03-06-DALMEM/07_frames/0030.jpg,1641765,69,2026-03-06-DALMEM,7
python/data/clips/2026-03-06-DALMEM/07_frames/0031.jpg,1641765,69,2026-03-06-DALMEM,7
python/data/clips/2026-03-06-DALMEM/07_frames/0032.jpg,1641765,69,2026-03-06-DALMEM,7
python/data/clips/2026-03-06-DALMEM/07_frames/0033.jpg,1641765,69,2026-03-06-DALMEM,7
python/data/clips/2026-03-06-DALMEM/07_frames/0034.jpg,1641765,69,2026-03-06-DALMEM,7
python/data/clips/2026-03-06-DALMEM/07_frames/0035.jpg,1641765,69,2026-03-06-DALMEM,7
python/data/clips/2026-03-06-DALMEM/08_frames/0029.jpg,1642285,70,2026-03-06-DALMEM,8
python/data/clips/2026-03-06-DALMEM/08_frames/0030.jpg,1642285,70,2026-03-06-DALMEM,8
python/data/clips/2026-03-06-DALMEM/08_frames/0031.jpg,1642285,70,2026-03-06-DALMEM,8
python/data/clips/2026-03-06-DALMEM/08_frames/0032.jpg,1642285,70,2026-03-06-DALMEM,8
python/data/clips/2026-03-06-DALMEM/08_frames/0033.jpg,1642285,70,2026-03-06-DALMEM,8
python/data/clips/2026-03-06-DALMEM/08_frames/0034.jpg,1642285,70,2026-03-06-DALMEM,8
python/data/clips/2026-03-06-DALMEM/08_frames/0035.jpg,1642285,70,2026-03-06-DALMEM,8
python/data/clips/2026-03-06-DALMEM/08_frames/0036.jpg,1642285,70,2026-03-06-DALMEM,8
python/data/clips/2026-03-06-DALMEM/08_frames/0037.jpg,1642285,70,2026-03-06-DALMEM,8
python/data/clips/2026-03-06-DALMEM/08_frames/0038.jpg,1642285,70,2026-03-06-DALMEM,8
python/data/clips/2026-03-06-DALMEM/08_frames/0039.jpg,1642285,70,2026-03-06-DALMEM,8
python/data/clips/2026-03-06-DALMEM/08_frames/0040.jpg,1642285,70,2026-03-06-DALMEM,8
python/data/clips/2026-03-06-DALMEM/09_frames/0029.jpg,1641707,71,2026-03-06-DALMEM,9
python/data/clips/2026-03-06-DALMEM/09_frames/0030.jpg,1641707,71,2026-03-06-DALMEM,9
python/data/clips/2026-03-06-DALMEM/09_frames/0031.jpg,1641707,71,2026-03-06-DALMEM,9
python/data/clips/2026-03-06-DALMEM/09_frames/0032.jpg,1641707,71,2026-03-06-DALMEM,9
python/data/clips/2026-03-06-DALMEM/09_frames/0033.jpg,1641707,71,2026-03-06-DALMEM,9
python/data/clips/2026-03-06-DALMEM/09_frames/0034.jpg,1641707,71,2026-03-06-DALMEM,9
python/data/clips/2026-03-06-DALMEM/09_frames/0035.jpg,1641707,71,2026-03-06-DALMEM,9
python/data/clips/2026-03-06-DALMEM/09_frames/0036.jpg,1641707,71,2026-03-06-DALMEM,9
python/data/clips/2026-03-06-DALMEM/09_frames/0037.jpg,1641707,71,2026-03-06-DALMEM,9
python/data/clips/2026-03-06-DALMEM/09_frames/0038.jpg,1641707,71,2026-03-06-DALMEM,9
python/data/clips/2026-03-06-DALMEM/09_frames/0039.jpg,1641707,71,2026-03-06-DALMEM,9
python/data/clips/2026-03-06-DALMEM/09_frames/0040.jpg,1641707,71,2026-03-06-DALMEM,9
